<?xml version="1.0" encoding="UTF-8"?>
<report version="1.0" kind="exception">
  <system description="Linux 5.11.0-40-lowlatency x86_64"/>
  <modules>
    <module path="486" address="0x559361e00000" size="0x1e6d000"/>
    <module path="486" address="0x559363f15000" size="0x175000"/>
    <module path="486" address="0x5593640e7000" size="0x12e000"/>
    <module path="anon_inode:i915.gem" address="0x7fe698258000" size="0x100000"/>
    <module path="anon_inode:i915.gem" address="0x7fe6984c8000" size="0x100000"/>
    <module path="anon_inode:i915.gem" address="0x7fe6995c9000" size="0x5000000"/>
    <module path="anon_inode:i915.gem" address="0x7fe6a3694000" size="0x100000"/>
    <module path="/usr/lib/x86_64-linux-gnu/gio/modules/libdconfsettings.so" address="0x7fe6a4095000" size="0x4000" version="gnu/gio/modules/libdconfsettings"/>
    <module path="/usr/lib/x86_64-linux-gnu/gio/modules/libdconfsettings.so" address="0x7fe6a40a1000" size="0x3000" version="gnu/gio/modules/libdconfsettings"/>
    <module path="/usr/lib/x86_64-linux-gnu/gio/modules/libdconfsettings.so" address="0x7fe6a40a5000" size="0x1000" version="gnu/gio/modules/libdconfsettings"/>
    <module path="anon_inode:i915.gem" address="0x7fe6a68ff000" size="0x100000"/>
    <module path="anon_inode:i915.gem" address="0x7fe6a6a6f000" size="0x28000"/>
    <module path="494411382" address="0x7fe6a6ab7000" size="0x9000"/>
    <module path="/usr/share/glib-2.0/schemas/gschemas.compiled" address="0x7fe6a6ace000" size="0xe000"/>
    <module path="anon_inode:i915.gem" address="0x7fe6a6b3d000" size="0x2000"/>
    <module path="anon_inode:i915.gem" address="0x7fe6a6b43000" size="0x1000"/>
    <module path="anon_inode:i915.gem" address="0x7fe6a6b48000" size="0x10000"/>
    <module path="anon_inode:i915.gem" address="0x7fe6a6b72000" size="0x4000"/>
    <module path="anon_inode:i915.gem" address="0x7fe6a6c76000" size="0x4000"/>
    <module path="anon_inode:i915.gem" address="0x7fe6a6d1f000" size="0x80000"/>
    <module path="anon_inode:i915.gem" address="0x7fe6a6daf000" size="0x1000"/>
    <module path="anon_inode:i915.gem" address="0x7fe6a6dc1000" size="0x4000"/>
    <module path="anon_inode:i915.gem" address="0x7fe6a6e53000" size="0x7000"/>
    <module path="anon_inode:i915.gem" address="0x7fe6a6ee6000" size="0x4000"/>
    <module path="anon_inode:i915.gem" address="0x7fe6a6f0e000" size="0x80000"/>
    <module path="anon_inode:i915.gem" address="0x7fe6a702e000" size="0x10000"/>
    <module path="anon_inode:i915.gem" address="0x7fe6a704a000" size="0x4000"/>
    <module path="anon_inode:i915.gem" address="0x7fe6a709e000" size="0x80000"/>
    <module path="anon_inode:i915.gem" address="0x7fe6a712e000" size="0x10000"/>
    <module path="anon_inode:i915.gem" address="0x7fe6a716c000" size="0x4000"/>
    <module path="anon_inode:i915.gem" address="0x7fe6a7172000" size="0x3000"/>
    <module path="/usr/lib/vamp/qm-vamp-plugins.so" address="0x7fe6a71a9000" size="0x7000" version="plugins"/>
    <module path="/usr/lib/vamp/qm-vamp-plugins.so" address="0x7fe6a724f000" size="0x17000" version="plugins"/>
    <module path="/usr/lib/vamp/qm-vamp-plugins.so" address="0x7fe6a7267000" size="0x2000" version="plugins"/>
    <module path="anon_inode:i915.gem" address="0x7fe6a727e000" size="0x1c0000"/>
    <module path="anon_inode:i915.gem" address="0x7fe6a74aa000" size="0x70000"/>
    <module path="anon_inode:i915.gem" address="0x7fe6a752e000" size="0x10000"/>
    <module path="anon_inode:i915.gem" address="0x7fe6a75d6000" size="0x10000"/>
    <module path="anon_inode:i915.gem" address="0x7fe6a75f6000" size="0x4000"/>
    <module path="anon_inode:i915.gem" address="0x7fe6a760e000" size="0x4000"/>
    <module path="anon_inode:i915.gem" address="0x7fe6a7636000" size="0x4000"/>
    <module path="anon_inode:i915.gem" address="0x7fe6a763e000" size="0x4000"/>
    <module path="anon_inode:i915.gem" address="0x7fe6a7652000" size="0x10000"/>
    <module path="anon_inode:i915.gem" address="0x7fe6a766e000" size="0x4000"/>
    <module path="anon_inode:i915.gem" address="0x7fe6a7676000" size="0x4000"/>
    <module path="anon_inode:i915.gem" address="0x7fe6a767e000" size="0x10000"/>
    <module path="283968834" address="0x7fe6a76be000" size="0xce000"/>
    <module path="283968834" address="0x7fe6a798b000" size="0x4000"/>
    <module path="283968834" address="0x7fe6a79b1000" size="0x8000"/>
    <module path="283968898" address="0x7fe6a79bb000" size="0x1ff000"/>
    <module path="283968898" address="0x7fe6a7bbb000" size="0x1000"/>
    <module path="7378" address="0x7fe6a7bbd000" size="0x25000"/>
    <module path="7378" address="0x7fe6a7de2000" size="0x1000"/>
    <module path="7378" address="0x7fe6a7de4000" size="0x3000"/>
    <module path="283968402" address="0x7fe6a7dfb000" size="0x200000"/>
    <module path="283968402" address="0x7fe6a7ffc000" size="0x1000"/>
    <module path="/memfd:xshmfence" address="0x7fe6ac000000" size="0x1000"/>
    <module path="anon_inode:i915.gem" address="0x7fe6ac006000" size="0x4000"/>
    <module path="/memfd:xshmfence" address="0x7fe6ac00e000" size="0x1000"/>
    <module path="anon_inode:i915.gem" address="0x7fe6ac012000" size="0x4000"/>
    <module path="anon_inode:i915.gem" address="0x7fe6ac017000" size="0x3000"/>
    <module path="anon_inode:i915.gem" address="0x7fe6ac01b000" size="0x1000"/>
    <module path="anon_inode:i915.gem" address="0x7fe6ac01e000" size="0x1000"/>
    <module path="anon_inode:i915.gem" address="0x7fe6ac020000" size="0x1000"/>
    <module path="anon_inode:i915.gem" address="0x7fe6ac022000" size="0x1000"/>
    <module path="anon_inode:i915.gem" address="0x7fe6ac024000" size="0x4000"/>
    <module path="anon_inode:i915.gem" address="0x7fe6ac038000" size="0x4000"/>
    <module path="anon_inode:i915.gem" address="0x7fe6ac040000" size="0x10000"/>
    <module path="anon_inode:i915.gem" address="0x7fe6ac054000" size="0x4000"/>
    <module path="anon_inode:i915.gem" address="0x7fe6ac05c000" size="0x4000"/>
    <module path="anon_inode:i915.gem" address="0x7fe6ac070000" size="0x1000"/>
    <module path="anon_inode:i915.gem" address="0x7fe6ac078000" size="0x1000"/>
    <module path="/memfd:xshmfence" address="0x7fe6ac07a000" size="0x1000"/>
    <module path="anon_inode:i915.gem" address="0x7fe6ac07c000" size="0x4000"/>
    <module path="anon_inode:i915.gem" address="0x7fe6ac100000" size="0x10000"/>
    <module path="283973198" address="0x7fe6ac120000" size="0x9000"/>
    <module path="283973198" address="0x7fe6ac328000" size="0x1000"/>
    <module path="283973198" address="0x7fe6ac32a000" size="0x2000"/>
    <module path="7666" address="0x7fe6ac32e000" size="0x52000"/>
    <module path="7666" address="0x7fe6ac580000" size="0x2000"/>
    <module path="7666" address="0x7fe6ac586000" size="0x3000"/>
    <module path="283969490" address="0x7fe6ac5a6000" size="0x1ff000"/>
    <module path="283969490" address="0x7fe6ac7a6000" size="0x1000"/>
    <module path="3094" address="0x7fe6ac7a9000" size="0xf000"/>
    <module path="3094" address="0x7fe6ac9b8000" size="0x1000"/>
    <module path="3094" address="0x7fe6ac9ba000" size="0x2000"/>
    <module path="3126" address="0x7fe6ac9c7000" size="0x1ff000"/>
    <module path="3126" address="0x7fe6acbc7000" size="0x1000"/>
    <module path="4094" address="0x7fe6acbc9000" size="0x2d000"/>
    <module path="4094" address="0x7fe6acdf5000" size="0x2000"/>
    <module path="4094" address="0x7fe6acdf8000" size="0x4000"/>
    <module path="4362" address="0x7fe6ace7f000" size="0x1ff000"/>
    <module path="4362" address="0x7fe6ad087000" size="0x1000"/>
    <module path="4054" address="0x7fe6ad08c000" size="0x1f000"/>
    <module path="4054" address="0x7fe6ad2aa000" size="0x1000"/>
    <module path="4054" address="0x7fe6ad2ac000" size="0x3000"/>
    <module path="283973230" address="0x7fe6ad2cf000" size="0x200000"/>
    <module path="283973230" address="0x7fe6ad4d0000" size="0x1000"/>
    <module path="283973230" address="0x7fe6ad4d4000" size="0x3000"/>
    <module path="283973270" address="0x7fe6ad4dc000" size="0x1ff000"/>
    <module path="283973270" address="0x7fe6ad6dc000" size="0x1000"/>
    <module path="283973270" address="0x7fe6ad6de000" size="0x1000"/>
    <module path="anon_inode:i915.gem" address="0x7fe6ad6ef000" size="0x10000"/>
    <module path="/SYSV00000000" address="0x7fe6ad7ff000" size="0x2000000"/>
    <module path="283972334" address="0x7fe6afb3d000" size="0x1ff000"/>
    <module path="283972334" address="0x7fe6afd3d000" size="0x1000"/>
    <module path="283972334" address="0x7fe6afd3f000" size="0x1000"/>
    <module path="anon_inode:i915.gem" address="0x7fe6afd60000" size="0x10000"/>
    <module path="anon_inode:i915.gem" address="0x7fe6afe80000" size="0xa0000"/>
    <module path="anon_inode:i915.gem" address="0x7fe6affa0000" size="0x10000"/>
    <module path="anon_inode:i915.gem" address="0x7fe6affc4000" size="0x1000"/>
    <module path="anon_inode:i915.gem" address="0x7fe6affc8000" size="0x4000"/>
    <module path="anon_inode:i915.gem" address="0x7fe6affdc000" size="0x10000"/>
    <module path="anon_inode:i915.gem" address="0x7fe6afff1000" size="0x4000"/>
    <module path="anon_inode:i915.gem" address="0x7fe6afff7000" size="0x1000"/>
    <module path="anon_inode:i915.gem" address="0x7fe6afffc000" size="0x4000"/>
    <module path="anon_inode:i915.gem" address="0x7fe6c4000000" size="0x1000"/>
    <module path="anon_inode:i915.gem" address="0x7fe6c4002000" size="0x4000"/>
    <module path="anon_inode:i915.gem" address="0x7fe6c4016000" size="0x500000"/>
    <module path="anon_inode:i915.gem" address="0x7fe6c4596000" size="0x1000"/>
    <module path="anon_inode:i915.gem" address="0x7fe6c45a7000" size="0x5000"/>
    <module path="anon_inode:i915.gem" address="0x7fe6c45ad000" size="0x4000"/>
    <module path="anon_inode:i915.gem" address="0x7fe6c45b6000" size="0x10000"/>
    <module path="anon_inode:i915.gem" address="0x7fe6e4000000" size="0x1000"/>
    <module path="anon_inode:i915.gem" address="0x7fe6e4005000" size="0x4000"/>
    <module path="/usr/lib/x86_64-linux-gnu/libLLVM-12.so.1" address="0x7fe6e6811000" size="0x525a000" version="1"/>
    <module path="/usr/lib/x86_64-linux-gnu/libLLVM-12.so.1" address="0x7fe6ebf84000" size="0x7000" version="1"/>
    <module path="anon_inode:i915.gem" address="0x7fe6f0000000" size="0x4000"/>
    <module path="anon_inode:i915.gem" address="0x7fe6f0008000" size="0x5000"/>
    <module path="/usr/share/fonts/truetype/noto/NotoColorEmoji.ttf" address="0x7fe6f04c6000" size="0xa59000"/>
    <module path="/usr/lib/x86_64-linux-gnu/dri/iris_dri.so" address="0x7fe6f279f000" size="0x115000" version="gnu/dri/iris_dri"/>
    <module path="/usr/lib/x86_64-linux-gnu/dri/iris_dri.so" address="0x7fe6f37fa000" size="0x440000" version="gnu/dri/iris_dri"/>
    <module path="/usr/lib/x86_64-linux-gnu/dri/iris_dri.so" address="0x7fe6f3c3b000" size="0xfc000" version="gnu/dri/iris_dri"/>
    <module path="/memfd:pulseaudio" address="0x7fe6fc000000" size="0x4000000"/>
    <module path="/memfd:pulseaudio" address="0x7fe704000000" size="0x4000000"/>
    <module path="/memfd:xshmfence" address="0x7fe710000000" size="0x1000"/>
    <module path="anon_inode:i915.gem" address="0x7fe710002000" size="0x4000"/>
    <module path="anon_inode:i915.gem" address="0x7fe71000a000" size="0x10000"/>
    <module path="anon_inode:i915.gem" address="0x7fe71002a000" size="0x10000"/>
    <module path="/usr/lib/x86_64-linux-gnu/libnss_dns-2.33.so" address="0x7fe71004a000" size="0x2000" version="2.33"/>
    <module path="/usr/lib/x86_64-linux-gnu/libnss_dns-2.33.so" address="0x7fe710050000" size="0x1000" version="2.33"/>
    <module path="/usr/lib/x86_64-linux-gnu/libnss_dns-2.33.so" address="0x7fe710052000" size="0x1000" version="2.33"/>
    <module path="anon_inode:i915.gem" address="0x7fe710054000" size="0x1000"/>
    <module path="anon_inode:i915.gem" address="0x7fe710057000" size="0x1000"/>
    <module path="anon_inode:i915.gem" address="0x7fe710059000" size="0x4000"/>
    <module path="anon_inode:i915.gem" address="0x7fe710061000" size="0x10000"/>
    <module path="/home/knighteagle/.cache/mesa_shader_cache/index" address="0x7fe710872000" size="0x141000"/>
    <module path="/usr/lib/x86_64-linux-gnu/libtinfo.so.6.2" address="0x7fe7109c1000" size="0xe000" version="6.2"/>
    <module path="/usr/lib/x86_64-linux-gnu/libtinfo.so.6.2" address="0x7fe7109dd000" size="0x4000" version="6.2"/>
    <module path="/usr/lib/x86_64-linux-gnu/libedit.so.2.0.63" address="0x7fe7109e2000" size="0x8000" version="2.0.63"/>
    <module path="/usr/lib/x86_64-linux-gnu/libedit.so.2.0.63" address="0x7fe710a06000" size="0xe000" version="2.0.63"/>
    <module path="/usr/lib/x86_64-linux-gnu/libedit.so.2.0.63" address="0x7fe710a16000" size="0x1000" version="2.0.63"/>
    <module path="/usr/lib/x86_64-linux-gnu/libvulkan.so.1.2.162" address="0x7fe710a1b000" size="0xf000" version="1.2.162"/>
    <module path="/usr/lib/x86_64-linux-gnu/libvulkan.so.1.2.162" address="0x7fe710a5e000" size="0x14000" version="1.2.162"/>
    <module path="/usr/lib/x86_64-linux-gnu/libvulkan.so.1.2.162" address="0x7fe710a73000" size="0x1000" version="1.2.162"/>
    <module path="/usr/lib/x86_64-linux-gnu/libdrm_nouveau.so.2.0.0" address="0x7fe710a75000" size="0x2000" version="2.0.0"/>
    <module path="/usr/lib/x86_64-linux-gnu/libdrm_nouveau.so.2.0.0" address="0x7fe710a7b000" size="0x2000" version="2.0.0"/>
    <module path="/usr/lib/x86_64-linux-gnu/libdrm_nouveau.so.2.0.0" address="0x7fe710a7e000" size="0x1000" version="2.0.0"/>
    <module path="/usr/lib/x86_64-linux-gnu/libdrm_amdgpu.so.1.0.0" address="0x7fe710a82000" size="0x5000" version="1.0.0"/>
    <module path="/usr/lib/x86_64-linux-gnu/libdrm_amdgpu.so.1.0.0" address="0x7fe710a89000" size="0x1000" version="1.0.0"/>
    <module path="/usr/lib/x86_64-linux-gnu/libelf-0.183.so" address="0x7fe710a8b000" size="0x3000" version="0.183"/>
    <module path="/usr/lib/x86_64-linux-gnu/libelf-0.183.so" address="0x7fe710aa1000" size="0x4000" version="0.183"/>
    <module path="/usr/lib/x86_64-linux-gnu/libelf-0.183.so" address="0x7fe710aa6000" size="0x1000" version="0.183"/>
    <module path="/usr/lib/x86_64-linux-gnu/libdrm_radeon.so.1.0.1" address="0x7fe710aa8000" size="0x2000" version="1.0.1"/>
    <module path="/usr/lib/x86_64-linux-gnu/libdrm_radeon.so.1.0.1" address="0x7fe710ab1000" size="0x4000" version="1.0.1"/>
    <module path="/usr/lib/x86_64-linux-gnu/libdrm_radeon.so.1.0.1" address="0x7fe710ab6000" size="0x1000" version="1.0.1"/>
    <module path="/usr/lib/x86_64-linux-gnu/libsensors.so.5.0.0" address="0x7fe710ab9000" size="0x7000" version="5.0.0"/>
    <module path="/usr/lib/x86_64-linux-gnu/libsensors.so.5.0.0" address="0x7fe710ac5000" size="0x1000" version="5.0.0"/>
    <module path="/usr/lib/x86_64-linux-gnu/libxshmfence.so.1.0.0" address="0x7fe710ac7000" size="0x1000" version="1.0.0"/>
    <module path="/usr/lib/x86_64-linux-gnu/libxshmfence.so.1.0.0" address="0x7fe710ac9000" size="0x1000" version="1.0.0"/>
    <module path="/usr/lib/x86_64-linux-gnu/libxshmfence.so.1.0.0" address="0x7fe710acb000" size="0x1000" version="1.0.0"/>
    <module path="/usr/lib/x86_64-linux-gnu/libxcb-sync.so.1.0.0" address="0x7fe710acf000" size="0x3000" version="1.0.0"/>
    <module path="/usr/lib/x86_64-linux-gnu/libxcb-sync.so.1.0.0" address="0x7fe710ad3000" size="0x1000" version="1.0.0"/>
    <module path="/usr/lib/x86_64-linux-gnu/libxcb-sync.so.1.0.0" address="0x7fe710ad5000" size="0x1000" version="1.0.0"/>
    <module path="/usr/lib/x86_64-linux-gnu/libxcb-present.so.0.0.0" address="0x7fe710ad7000" size="0x1000" version="0.0.0"/>
    <module path="/usr/lib/x86_64-linux-gnu/libxcb-present.so.0.0.0" address="0x7fe710ad9000" size="0x1000" version="0.0.0"/>
    <module path="/usr/lib/x86_64-linux-gnu/libxcb-dri3.so.0.0.0" address="0x7fe710adb000" size="0x2000" version="0.0.0"/>
    <module path="/usr/lib/x86_64-linux-gnu/libxcb-dri3.so.0.0.0" address="0x7fe710adf000" size="0x1000" version="0.0.0"/>
    <module path="/usr/lib/x86_64-linux-gnu/libxcb-dri3.so.0.0.0" address="0x7fe710ae1000" size="0x1000" version="0.0.0"/>
    <module path="/usr/lib/x86_64-linux-gnu/libwayland-server.so.0.1.0" address="0x7fe710ae8000" size="0x8000" version="0.1.0"/>
    <module path="/usr/lib/x86_64-linux-gnu/libwayland-server.so.0.1.0" address="0x7fe710af4000" size="0x1000" version="0.1.0"/>
    <module path="/usr/lib/x86_64-linux-gnu/libwayland-server.so.0.1.0" address="0x7fe710af7000" size="0x1000" version="0.1.0"/>
    <module path="/usr/lib/x86_64-linux-gnu/libxcb-xfixes.so.0.0.0" address="0x7fe710afb000" size="0x3000" version="0.0.0"/>
    <module path="/usr/lib/x86_64-linux-gnu/libxcb-xfixes.so.0.0.0" address="0x7fe710aff000" size="0x1000" version="0.0.0"/>
    <module path="/usr/lib/x86_64-linux-gnu/libxcb-xfixes.so.0.0.0" address="0x7fe710b01000" size="0x1000" version="0.0.0"/>
    <module path="/usr/lib/x86_64-linux-gnu/libxcb-dri2.so.0.0.0" address="0x7fe710b04000" size="0x2000" version="0.0.0"/>
    <module path="/usr/lib/x86_64-linux-gnu/libxcb-dri2.so.0.0.0" address="0x7fe710b07000" size="0x1000" version="0.0.0"/>
    <module path="/usr/lib/x86_64-linux-gnu/libX11-xcb.so.1.0.0" address="0x7fe710b09000" size="0x1000" version="1.0.0"/>
    <module path="/usr/lib/x86_64-linux-gnu/libX11-xcb.so.1.0.0" address="0x7fe710b0b000" size="0x1000" version="1.0.0"/>
    <module path="/usr/lib/x86_64-linux-gnu/libX11-xcb.so.1.0.0" address="0x7fe710b0d000" size="0x1000" version="1.0.0"/>
    <module path="/usr/lib/x86_64-linux-gnu/libglapi.so.0.0.0" address="0x7fe710b1a000" size="0xe000" version="0.0.0"/>
    <module path="/usr/lib/x86_64-linux-gnu/libglapi.so.0.0.0" address="0x7fe710b41000" size="0x1000" version="0.0.0"/>
    <module path="/usr/lib/x86_64-linux-gnu/libglapi.so.0.0.0" address="0x7fe710b46000" size="0x1000" version="0.0.0"/>
    <module path="/usr/lib/x86_64-linux-gnu/libgbm.so.1.0.0" address="0x7fe710b48000" size="0x3000" version="1.0.0"/>
    <module path="/usr/lib/x86_64-linux-gnu/libgbm.so.1.0.0" address="0x7fe710b52000" size="0x3000" version="1.0.0"/>
    <module path="/usr/lib/x86_64-linux-gnu/libgbm.so.1.0.0" address="0x7fe710b56000" size="0x1000" version="1.0.0"/>
    <module path="/usr/lib/x86_64-linux-gnu/libEGL_mesa.so.0.0.0" address="0x7fe710b58000" size="0x9000" version="0.0.0"/>
    <module path="/usr/lib/x86_64-linux-gnu/libEGL_mesa.so.0.0.0" address="0x7fe710b88000" size="0xd000" version="0.0.0"/>
    <module path="/usr/lib/x86_64-linux-gnu/libEGL_mesa.so.0.0.0" address="0x7fe710b96000" size="0x3000" version="0.0.0"/>
    <module path="anon_inode:i915.gem" address="0x7fe710b9b000" size="0x1000"/>
    <module path="/usr/lib/x86_64-linux-gnu/libnss_mdns4_minimal.so.2" address="0x7fe710b9d000" size="0x1000" version="2"/>
    <module path="/usr/lib/x86_64-linux-gnu/libnss_mdns4_minimal.so.2" address="0x7fe710ba0000" size="0x1000" version="2"/>
    <module path="/usr/lib/x86_64-linux-gnu/libnss_mdns4_minimal.so.2" address="0x7fe710ba2000" size="0x1000" version="2"/>
    <module path="/usr/lib/x86_64-linux-gnu/libnss_files-2.33.so" address="0x7fe710ba6000" size="0x8000" version="2.33"/>
    <module path="/usr/lib/x86_64-linux-gnu/libnss_files-2.33.so" address="0x7fe710bb0000" size="0x1000" version="2.33"/>
    <module path="anon_inode:i915.gem" address="0x7fe710bb8000" size="0x1000"/>
    <module path="283972430" address="0x7fe710c37000" size="0x2000"/>
    <module path="283972430" address="0x7fe710e38000" size="0x1000"/>
    <module path="283972430" address="0x7fe710e3a000" size="0x1000"/>
    <module path="/usr/share/mime/mime.cache" address="0x7fe710e3c000" size="0x28000"/>
    <module path="/usr/share/icons/gnome/icon-theme.cache" address="0x7fe710e8c000" size="0x16000"/>
    <module path="/usr/share/icons/Adwaita/icon-theme.cache" address="0x7fe710eb8000" size="0xd000"/>
    <module path="/usr/share/icons/hicolor/icon-theme.cache" address="0x7fe710ed2000" size="0xa000"/>
    <module path="/usr/share/icons/breeze/icon-theme.cache" address="0x7fe710ee6000" size="0x4c000"/>
    <module path="/usr/share/icons/Papirus/icon-theme.cache" address="0x7fe710f7e000" size="0x26e000"/>
    <module path="/usr/share/icons/ubuntustudio/icon-theme.cache" address="0x7fe71145a000" size="0x1000"/>
    <module path="/usr/share/fonts/truetype/noto/NotoSans-Regular.ttf" address="0x7fe71145c000" size="0x7e000"/>
    <module path="/var/cache/fontconfig/34595c7f-04d7-4976-b6ba-36ba82d5ab5e-le64.cache-7" address="0x7fe711edb000" size="0x5000"/>
    <module path="/var/cache/fontconfig/e41e1bce-1a4c-4aed-bc7b-94110598a6a5-le64.cache-7" address="0x7fe711ee4000" size="0xb000"/>
    <module path="/var/cache/fontconfig/a033f59a-fdbb-4248-9cb4-4b6b9e03916a-le64.cache-7" address="0x7fe711ef5000" size="0x6000"/>
    <module path="/var/cache/fontconfig/b72f2c49-f555-4699-ad84-e50d92af05e4-le64.cache-7" address="0x7fe711f07000" size="0x5000"/>
    <module path="/var/cache/fontconfig/142b6b7d-33c3-42e4-ace4-ec140a6883e9-le64.cache-7" address="0x7fe711f0d000" size="0x6000"/>
    <module path="/var/cache/fontconfig/3b4b3ced-6ba8-4727-aa3f-5c4887cac1d6-le64.cache-7" address="0x7fe711f17000" size="0x9000"/>
    <module path="/var/cache/fontconfig/1134224f-c88f-40ad-8928-66d8a3a8b889-le64.cache-7" address="0x7fe711f25000" size="0x1000"/>
    <module path="/var/cache/fontconfig/43d34e0d-dde1-4d14-8136-6216f029529f-le64.cache-7" address="0x7fe711f2a000" size="0x1000"/>
    <module path="/var/cache/fontconfig/c0e43e02-5644-41e9-9d72-cb8030863a59-le64.cache-7" address="0x7fe711f41000" size="0x8000"/>
    <module path="/var/cache/fontconfig/b0d45fd9-9908-465f-8616-c1c2f545d085-le64.cache-7" address="0x7fe711f4a000" size="0x8000"/>
    <module path="/var/cache/fontconfig/114127f4-b1e2-40de-8a91-c90d54b47a11-le64.cache-7" address="0x7fe711f53000" size="0x1000"/>
    <module path="/var/cache/fontconfig/c3a26721-84ce-426e-a955-97127edc45b4-le64.cache-7" address="0x7fe711f55000" size="0x1000"/>
    <module path="/var/cache/fontconfig/40446e10-65c8-4d76-a5ca-67c6348a96e0-le64.cache-7" address="0x7fe711f58000" size="0x1000"/>
    <module path="/var/cache/fontconfig/e88b47d4-b3b2-4e64-8472-b7ebb3189f8b-le64.cache-7" address="0x7fe711f5b000" size="0x2000"/>
    <module path="/var/cache/fontconfig/4c78e5b6-a2ea-45ad-acaf-587037452584-le64.cache-7" address="0x7fe711f5f000" size="0x2000"/>
    <module path="/var/cache/fontconfig/c8eac65d-9a7d-4be3-9c7a-b228d75255f8-le64.cache-7" address="0x7fe711f63000" size="0x75000"/>
    <module path="/var/cache/fontconfig/fde16b54-c506-4507-bec7-d227a3ac997e-le64.cache-7" address="0x7fe711fd9000" size="0x5000"/>
    <module path="/var/cache/fontconfig/09c29c1f-4477-4012-8ab0-e1c084c2be78-le64.cache-7" address="0x7fe711fe3000" size="0x1000"/>
    <module path="/var/cache/fontconfig/4e0361df-aaaf-48eb-9f7b-d051b49c7297-le64.cache-7" address="0x7fe711fe5000" size="0x1000"/>
    <module path="/var/cache/fontconfig/3a3b954f-d3dd-40cc-be95-865066ff3336-le64.cache-7" address="0x7fe711fe7000" size="0x1000"/>
    <module path="/var/cache/fontconfig/0d6b17b1-157a-4de1-8d85-0b54151855d2-le64.cache-7" address="0x7fe711fe9000" size="0x1000"/>
    <module path="/var/cache/fontconfig/840d43de-6dbe-43a1-9219-fe417bca468e-le64.cache-7" address="0x7fe711feb000" size="0x1000"/>
    <module path="/var/cache/fontconfig/bc0c7b94-a5d7-4921-be56-380b67e34b59-le64.cache-7" address="0x7fe711fed000" size="0x1000"/>
    <module path="/var/cache/fontconfig/0f77d7b4-4414-4c72-b4d8-6acde0fafc4d-le64.cache-7" address="0x7fe711ffc000" size="0x1000"/>
    <module path="/var/cache/fontconfig/781173a9-45c1-4d7b-b447-c600bd1119c4-le64.cache-7" address="0x7fe711ffe000" size="0x5000"/>
    <module path="/var/cache/fontconfig/e355db4f-eaa7-4371-bf60-c30404269fb4-le64.cache-7" address="0x7fe71200a000" size="0x9d000"/>
    <module path="/var/cache/fontconfig/f9520d43-fadc-4a8b-a38e-6d42964cec11-le64.cache-7" address="0x7fe7120a8000" size="0x1000"/>
    <module path="/var/cache/fontconfig/57c01f60-edde-499b-98d6-5d4e1b06a368-le64.cache-7" address="0x7fe7120af000" size="0x3000"/>
    <module path="/var/cache/fontconfig/6bd295c3-ef57-4f3c-a217-b175d8439c58-le64.cache-7" address="0x7fe7120bb000" size="0x1000"/>
    <module path="/var/cache/fontconfig/52d2cac5-02eb-4ac0-b50c-2782af19b313-le64.cache-7" address="0x7fe7120bd000" size="0x2000"/>
    <module path="/var/cache/fontconfig/268e82fe-389e-4582-9d5f-e8cb2000ed1a-le64.cache-7" address="0x7fe7120c3000" size="0x2000"/>
    <module path="/var/cache/fontconfig/00392aa6-72ad-464d-9a83-a8f3e494eab5-le64.cache-7" address="0x7fe7120d8000" size="0x4000"/>
    <module path="/var/cache/fontconfig/ef8508ea-919c-4116-a724-58f91c9dc5ea-le64.cache-7" address="0x7fe7120dd000" size="0x1000"/>
    <module path="/var/cache/fontconfig/3e1fed61-1848-4343-9a2c-f717cbacb1a0-le64.cache-7" address="0x7fe7120df000" size="0x1000"/>
    <module path="/var/cache/fontconfig/cded5aec-3906-459b-a19c-30e13ee114c7-le64.cache-7" address="0x7fe7120e3000" size="0x5000"/>
    <module path="/var/cache/fontconfig/edc5b427-40a2-4bdb-b9e1-952e910a66bf-le64.cache-7" address="0x7fe7120ea000" size="0xb000"/>
    <module path="/var/cache/fontconfig/0e374ca9-5fd6-42d4-9b29-a69d84d4b8e8-le64.cache-7" address="0x7fe7120f8000" size="0x1000"/>
    <module path="/var/cache/fontconfig/4dd32f97-b8e2-40de-b43d-f7f6db48b133-le64.cache-7" address="0x7fe7120fb000" size="0x1000"/>
    <module path="/var/cache/fontconfig/af2c2d36-c0fa-4656-abee-1fc999f13ea4-le64.cache-7" address="0x7fe7120fd000" size="0x2000"/>
    <module path="/var/cache/fontconfig/2a70ff24-5cff-4822-93d9-a7f28c0ea698-le64.cache-7" address="0x7fe712100000" size="0x1000"/>
    <module path="/var/cache/fontconfig/8e55d23f-edea-4f06-b9a5-5ab3bca2d29a-le64.cache-7" address="0x7fe712102000" size="0x8000"/>
    <module path="/var/cache/fontconfig/2e4b65b6-0252-4e5c-af72-bb36e4f85a2a-le64.cache-7" address="0x7fe71210b000" size="0x1000"/>
    <module path="/var/cache/fontconfig/c95972bf-0edb-48a4-9f2d-aaf681de9901-le64.cache-7" address="0x7fe712118000" size="0x2000"/>
    <module path="/var/cache/fontconfig/5fa5d200-b712-4c49-866a-ab36b1321ebe-le64.cache-7" address="0x7fe71211b000" size="0x3000"/>
    <module path="/var/cache/fontconfig/08042653-c6a7-48d3-86df-6c81ee92d0ad-le64.cache-7" address="0x7fe71211f000" size="0xd000"/>
    <module path="/var/cache/fontconfig/4b9ec13b-bc29-44c7-9032-8bd2610fdae7-le64.cache-7" address="0x7fe712130000" size="0x1000"/>
    <module path="/var/cache/fontconfig/bd3a2857-f047-4652-91c8-5a7a51692d5d-le64.cache-7" address="0x7fe7121cd000" size="0x35000"/>
    <module path="/var/cache/fontconfig/37700b93-7cf6-4510-839a-04c79b2b955c-le64.cache-7" address="0x7fe712203000" size="0x1000"/>
    <module path="/var/cache/fontconfig/b8b7256d-5acb-4c41-8998-962ec3003889-le64.cache-7" address="0x7fe712205000" size="0x1000"/>
    <module path="/var/cache/fontconfig/f6f95535-c3bf-4305-8d08-caaf796d7dc4-le64.cache-7" address="0x7fe712207000" size="0xe000"/>
    <module path="/var/cache/fontconfig/fc853401-63b1-42b0-a616-840622bc2a6f-le64.cache-7" address="0x7fe712218000" size="0x10000"/>
    <module path="/var/cache/fontconfig/3a19620f-93b8-4f00-973a-71a094ee3360-le64.cache-7" address="0x7fe71222b000" size="0x2c000"/>
    <module path="/var/cache/fontconfig/8df82273-0d84-42a7-8bfc-c647c7c57e8e-le64.cache-7" address="0x7fe7122b4000" size="0x1000"/>
    <module path="/var/cache/fontconfig/ca485ec7-c3b1-40a2-88cc-34773bc8ca99-le64.cache-7" address="0x7fe7122b6000" size="0x7000"/>
    <module path="/var/cache/fontconfig/531e1e7a-4a9d-4c46-8ad2-eb67f6cbf120-le64.cache-7" address="0x7fe7122c1000" size="0x22000"/>
    <module path="/memfd:pulseaudio" address="0x7fe713347000" size="0x4000000"/>
    <module path="/memfd:pulseaudio" address="0x7fe71b347000" size="0x4000000"/>
    <module path="/usr/lib/locale/locale-archive" address="0x7fe723b48000" size="0x571000"/>
    <module path="2286" address="0x7fe7240cf000" size="0x75000"/>
    <module path="2286" address="0x7fe724344000" size="0x1000"/>
    <module path="2286" address="0x7fe724346000" size="0x4000"/>
    <module path="8134" address="0x7fe72434c000" size="0x17000"/>
    <module path="8134" address="0x7fe724562000" size="0x1000"/>
    <module path="8134" address="0x7fe724566000" size="0x2000"/>
    <module path="7850" address="0x7fe724583000" size="0x1ff000"/>
    <module path="7850" address="0x7fe724783000" size="0x1000"/>
    <module path="/usr/lib/x86_64-linux-gnu/libbrotlicommon.so.1.0.9" address="0x7fe724785000" size="0x1000" version="1.0.9"/>
    <module path="/usr/lib/x86_64-linux-gnu/libbrotlicommon.so.1.0.9" address="0x7fe724787000" size="0x1f000" version="1.0.9"/>
    <module path="/usr/lib/x86_64-linux-gnu/libbrotlicommon.so.1.0.9" address="0x7fe7247a7000" size="0x1000" version="1.0.9"/>
    <module path="4174" address="0x7fe7247b1000" size="0x1ff000"/>
    <module path="4174" address="0x7fe7249b1000" size="0x1000"/>
    <module path="4174" address="0x7fe7249e0000" size="0x1000"/>
    <module path="283969002" address="0x7fe724ae5000" size="0x1ff000"/>
    <module path="283969002" address="0x7fe724ce7000" size="0x2000"/>
    <module path="283969002" address="0x7fe724cea000" size="0x2000"/>
    <module path="6274" address="0x7fe724cee000" size="0x46000"/>
    <module path="6274" address="0x7fe724f33000" size="0x3000"/>
    <module path="6274" address="0x7fe724f38000" size="0x5000"/>
    <module path="6170" address="0x7fe724f4b000" size="0x1ff000"/>
    <module path="6170" address="0x7fe72514b000" size="0x1000"/>
    <module path="283970194" address="0x7fe72514d000" size="0x28000"/>
    <module path="283970194" address="0x7fe725374000" size="0x1000"/>
    <module path="283970194" address="0x7fe725376000" size="0x1000"/>
    <module path="/usr/lib/x86_64-linux-gnu/libgraphite2.so.3.2.1" address="0x7fe72537a000" size="0x22000" version="3.2.1"/>
    <module path="/usr/lib/x86_64-linux-gnu/libgraphite2.so.3.2.1" address="0x7fe7253a1000" size="0x2000" version="3.2.1"/>
    <module path="3766" address="0x7fe7253a4000" size="0x47000"/>
    <module path="3766" address="0x7fe7255eb000" size="0x4000"/>
    <module path="3766" address="0x7fe7255f1000" size="0x2000"/>
    <module path="/usr/lib/x86_64-linux-gnu/libdatrie.so.1.4.0" address="0x7fe7255f5000" size="0x2000" version="1.4.0"/>
    <module path="/usr/lib/x86_64-linux-gnu/libdatrie.so.1.4.0" address="0x7fe7255fb000" size="0x2000" version="1.4.0"/>
    <module path="/usr/lib/x86_64-linux-gnu/libdatrie.so.1.4.0" address="0x7fe7255fe000" size="0x1000" version="1.4.0"/>
    <module path="3054" address="0x7fe72562b000" size="0x200000"/>
    <module path="3054" address="0x7fe72582e000" size="0x1000"/>
    <module path="2854" address="0x7fe725834000" size="0xf000"/>
    <module path="2854" address="0x7fe725a42000" size="0x1000"/>
    <module path="2854" address="0x7fe725a44000" size="0x1000"/>
    <module path="2942" address="0x7fe725a4a000" size="0x1ff000"/>
    <module path="2942" address="0x7fe725c4a000" size="0x1000"/>
    <module path="283968754" address="0x7fe725c4c000" size="0x74000"/>
    <module path="283968754" address="0x7fe725ebf000" size="0x3000"/>
    <module path="283968754" address="0x7fe725ec5000" size="0x2000"/>
    <module path="283970234" address="0x7fe725ec9000" size="0x8000"/>
    <module path="283970234" address="0x7fe7260d1000" size="0x1000"/>
    <module path="283970234" address="0x7fe7260d3000" size="0x1000"/>
    <module path="283969254" address="0x7fe726154000" size="0x1ff000"/>
    <module path="283969254" address="0x7fe726356000" size="0x1000"/>
    <module path="283969254" address="0x7fe726358000" size="0x4000"/>
    <module path="6318" address="0x7fe727d04000" size="0x1ff000"/>
    <module path="6318" address="0x7fe727f04000" size="0x1000"/>
    <module path="/usr/lib/x86_64-linux-gnu/libffi.so.8.1.0" address="0x7fe727f06000" size="0x2000" version="8.1.0"/>
    <module path="/usr/lib/x86_64-linux-gnu/libffi.so.8.1.0" address="0x7fe727f0e000" size="0x2000" version="8.1.0"/>
    <module path="/usr/lib/x86_64-linux-gnu/libffi.so.8.1.0" address="0x7fe727f11000" size="0x1000" version="8.1.0"/>
    <module path="/usr/lib/x86_64-linux-gnu/libbrotlidec.so.1.0.9" address="0x7fe727f13000" size="0x8000" version="1.0.9"/>
    <module path="/usr/lib/x86_64-linux-gnu/libbrotlidec.so.1.0.9" address="0x7fe727f1e000" size="0x1000" version="1.0.9"/>
    <module path="/usr/lib/x86_64-linux-gnu/libgpg-error.so.0.29.0" address="0x7fe727f22000" size="0x5000" version="0.29.0"/>
    <module path="/usr/lib/x86_64-linux-gnu/libgpg-error.so.0.29.0" address="0x7fe727f3d000" size="0xa000" version="0.29.0"/>
    <module path="/usr/lib/x86_64-linux-gnu/libgpg-error.so.0.29.0" address="0x7fe727f48000" size="0x1000" version="0.29.0"/>
    <module path="283968434" address="0x7fe727f4a000" size="0x15000"/>
    <module path="283968434" address="0x7fe72815e000" size="0x1000"/>
    <module path="283968434" address="0x7fe728160000" size="0x2000"/>
    <module path="6130" address="0x7fe728195000" size="0x1ff000"/>
    <module path="6130" address="0x7fe728396000" size="0x1000"/>
    <module path="6130" address="0x7fe728398000" size="0x2000"/>
    <module path="2886" address="0x7fe728438000" size="0x200000"/>
    <module path="2886" address="0x7fe728639000" size="0x3000"/>
    <module path="7490" address="0x7fe728646000" size="0x87000"/>
    <module path="7490" address="0x7fe7288cc000" size="0x4000"/>
    <module path="7490" address="0x7fe7288d3000" size="0x7000"/>
    <module path="6202" address="0x7fe7288dc000" size="0x8000"/>
    <module path="6202" address="0x7fe728ae3000" size="0x1000"/>
    <module path="6202" address="0x7fe728ae5000" size="0x1000"/>
    <module path="7458" address="0x7fe728ae9000" size="0x1ff000"/>
    <module path="7458" address="0x7fe728ce9000" size="0x1000"/>
    <module path="/usr/lib/x86_64-linux-gnu/libharfbuzz.so.0.20704.0" address="0x7fe728ceb000" size="0x9000" version="0.20704.0"/>
    <module path="/usr/lib/x86_64-linux-gnu/libharfbuzz.so.0.20704.0" address="0x7fe728d9a000" size="0x37000" version="0.20704.0"/>
    <module path="/usr/lib/x86_64-linux-gnu/libharfbuzz.so.0.20704.0" address="0x7fe728dd2000" size="0x1000" version="0.20704.0"/>
    <module path="/usr/lib/x86_64-linux-gnu/libuuid.so.1.3.0" address="0x7fe728dd5000" size="0x4000" version="1.3.0"/>
    <module path="/usr/lib/x86_64-linux-gnu/libuuid.so.1.3.0" address="0x7fe728dda000" size="0x1000" version="1.3.0"/>
    <module path="/usr/lib/x86_64-linux-gnu/libICE.so.6.3.0" address="0x7fe728ddc000" size="0x4000" version="6.3.0"/>
    <module path="/usr/lib/x86_64-linux-gnu/libICE.so.6.3.0" address="0x7fe728def000" size="0x5000" version="6.3.0"/>
    <module path="/usr/lib/x86_64-linux-gnu/libICE.so.6.3.0" address="0x7fe728df5000" size="0x1000" version="6.3.0"/>
    <module path="7922" address="0x7fe728dfb000" size="0x51000"/>
    <module path="7922" address="0x7fe72904b000" size="0x2000"/>
    <module path="7922" address="0x7fe72904f000" size="0x3000"/>
    <module path="283968650" address="0x7fe729077000" size="0x1ff000"/>
    <module path="283968650" address="0x7fe729277000" size="0x1000"/>
    <module path="283968650" address="0x7fe72927a000" size="0x2000"/>
    <module path="/usr/lib/x86_64-linux-gnu/libthai.so.0.3.1" address="0x7fe72927e000" size="0x4000" version="0.3.1"/>
    <module path="/usr/lib/x86_64-linux-gnu/libthai.so.0.3.1" address="0x7fe729285000" size="0x1000" version="0.3.1"/>
    <module path="2502" address="0x7fe729287000" size="0x2000"/>
    <module path="2502" address="0x7fe729488000" size="0x1000"/>
    <module path="2502" address="0x7fe72948a000" size="0x1000"/>
    <module path="2438" address="0x7fe72948d000" size="0x1ff000"/>
    <module path="2438" address="0x7fe72968d000" size="0x1000"/>
    <module path="4542" address="0x7fe729691000" size="0xf3000"/>
    <module path="4542" address="0x7fe729984000" size="0x7000"/>
    <module path="4542" address="0x7fe729992000" size="0x18000"/>
    <module path="3014" address="0x7fe7299d8000" size="0x200000"/>
    <module path="3014" address="0x7fe729bd9000" size="0x1000"/>
    <module path="3014" address="0x7fe729bdb000" size="0x4000"/>
    <module path="2974" address="0x7fe729c01000" size="0x200000"/>
    <module path="2974" address="0x7fe729e04000" size="0x1000"/>
    <module path="3918" address="0x7fe729e08000" size="0x6000"/>
    <module path="3918" address="0x7fe72a00e000" size="0x2000"/>
    <module path="3918" address="0x7fe72a011000" size="0x1000"/>
    <module path="5246" address="0x7fe72a015000" size="0x1ff000"/>
    <module path="5246" address="0x7fe72a215000" size="0x1000"/>
    <module path="3854" address="0x7fe72a219000" size="0x13000"/>
    <module path="3854" address="0x7fe72a42b000" size="0x1000"/>
    <module path="3854" address="0x7fe72a42e000" size="0x1000"/>
    <module path="4498" address="0x7fe72a47a000" size="0x200000"/>
    <module path="4498" address="0x7fe72a67b000" size="0x1000"/>
    <module path="283968350" address="0x7fe72a681000" size="0x7d000"/>
    <module path="283968350" address="0x7fe72a8fd000" size="0x2000"/>
    <module path="283968350" address="0x7fe72a900000" size="0x6000"/>
    <module path="5490" address="0x7fe72a934000" size="0x1ff000"/>
    <module path="5490" address="0x7fe72ab34000" size="0x1000"/>
    <module path="2598" address="0x7fe72ab38000" size="0x5000"/>
    <module path="2598" address="0x7fe72ad3c000" size="0x1000"/>
    <module path="2598" address="0x7fe72ad3e000" size="0x1000"/>
    <module path="2726" address="0x7fe72ad41000" size="0x9000"/>
    <module path="2726" address="0x7fe72af49000" size="0x1000"/>
    <module path="2726" address="0x7fe72af4b000" size="0x1000"/>
    <module path="283971530" address="0x7fe72af58000" size="0x1ff000"/>
    <module path="283971530" address="0x7fe72b158000" size="0x1000"/>
    <module path="283971562" address="0x7fe72b15c000" size="0x2000"/>
    <module path="283971562" address="0x7fe72b35d000" size="0x1000"/>
    <module path="283971562" address="0x7fe72b35f000" size="0x1000"/>
    <module path="283968114" address="0x7fe72b3fd000" size="0x1ff000"/>
    <module path="283968114" address="0x7fe72b604000" size="0x1000"/>
    <module path="/usr/lib/x86_64-linux-gnu/libpcre.so.3.13.3" address="0x7fe72b607000" size="0x2000" version="3.13.3"/>
    <module path="/usr/lib/x86_64-linux-gnu/libpcre.so.3.13.3" address="0x7fe72b65d000" size="0x1e000" version="3.13.3"/>
    <module path="/usr/lib/x86_64-linux-gnu/libpcre.so.3.13.3" address="0x7fe72b67c000" size="0x1000" version="3.13.3"/>
    <module path="4610" address="0x7fe72b684000" size="0x1ff000"/>
    <module path="4610" address="0x7fe72b884000" size="0x1000"/>
    <module path="4134" address="0x7fe72b888000" size="0x37000"/>
    <module path="4134" address="0x7fe72babf000" size="0x3000"/>
    <module path="4134" address="0x7fe72bac3000" size="0x3000"/>
    <module path="283967494" address="0x7fe72bacd000" size="0x200000"/>
    <module path="283967494" address="0x7fe72bcce000" size="0x1000"/>
    <module path="8166" address="0x7fe72bcd0000" size="0xa000"/>
    <module path="8166" address="0x7fe72bed9000" size="0x1000"/>
    <module path="8166" address="0x7fe72bedb000" size="0x1000"/>
    <module path="7174" address="0x7fe72c080000" size="0x1ff000"/>
    <module path="7174" address="0x7fe72c292000" size="0x1000"/>
    <module path="7174" address="0x7fe72c294000" size="0x23000"/>
    <module path="283969306" address="0x7fe72c2b9000" size="0x11000"/>
    <module path="283969306" address="0x7fe72c4ca000" size="0x1000"/>
    <module path="283969306" address="0x7fe72c4cc000" size="0x1000"/>
    <module path="/usr/lib/x86_64-linux-gnu/libp11-kit.so.0.3.0" address="0x7fe72c4f8000" size="0x9d000" version="0.3.0"/>
    <module path="/usr/lib/x86_64-linux-gnu/libp11-kit.so.0.3.0" address="0x7fe72c5f1000" size="0xb000" version="0.3.0"/>
    <module path="/usr/lib/x86_64-linux-gnu/libfreetype.so.6.17.4" address="0x7fe72c606000" size="0xc000" version="6.17.4"/>
    <module path="/usr/lib/x86_64-linux-gnu/libfreetype.so.6.17.4" address="0x7fe72c696000" size="0x2a000" version="6.17.4"/>
    <module path="/usr/lib/x86_64-linux-gnu/libfreetype.so.6.17.4" address="0x7fe72c6c1000" size="0x7000" version="6.17.4"/>
    <module path="283969838" address="0x7fe72c6c9000" size="0x7000"/>
    <module path="283969838" address="0x7fe72c8cf000" size="0x1000"/>
    <module path="283969838" address="0x7fe72c8d1000" size="0x1000"/>
    <module path="8010" address="0x7fe72c91f000" size="0x200000"/>
    <module path="8010" address="0x7fe72cb20000" size="0x1000"/>
    <module path="8010" address="0x7fe72cb31000" size="0x1000"/>
    <module path="4642" address="0x7fe72cb34000" size="0x114000"/>
    <module path="4642" address="0x7fe72ce48000" size="0x2000"/>
    <module path="4642" address="0x7fe72ce50000" size="0x2000"/>
    <module path="5602" address="0x7fe72ce8f000" size="0x200000"/>
    <module path="5602" address="0x7fe72d091000" size="0x2000"/>
    <module path="283968618" address="0x7fe72d097000" size="0x19000"/>
    <module path="283968618" address="0x7fe72d2b0000" size="0x1000"/>
    <module path="283968618" address="0x7fe72d2b2000" size="0x1000"/>
    <module path="/usr/lib/x86_64-linux-gnu/libresolv-2.33.so" address="0x7fe72d2b7000" size="0xf000" version="2.33"/>
    <module path="/usr/lib/x86_64-linux-gnu/libresolv-2.33.so" address="0x7fe72d2c9000" size="0x1000" version="2.33"/>
    <module path="/usr/lib/x86_64-linux-gnu/libresolv-2.33.so" address="0x7fe72d2cb000" size="0x1000" version="2.33"/>
    <module path="7602" address="0x7fe72d2ce000" size="0xa000"/>
    <module path="7602" address="0x7fe72d4d7000" size="0x1000"/>
    <module path="7602" address="0x7fe72d4d9000" size="0x1000"/>
    <module path="/usr/lib/x86_64-linux-gnu/libcom_err.so.2.1" address="0x7fe72d4dc000" size="0x2000" version="2.1"/>
    <module path="/usr/lib/x86_64-linux-gnu/libcom_err.so.2.1" address="0x7fe72d4e0000" size="0x1000" version="2.1"/>
    <module path="/usr/lib/x86_64-linux-gnu/libcom_err.so.2.1" address="0x7fe72d4e2000" size="0x1000" version="2.1"/>
    <module path="7418" address="0x7fe72d511000" size="0x200000"/>
    <module path="7418" address="0x7fe72d713000" size="0x1000"/>
    <module path="7418" address="0x7fe72d715000" size="0x1000"/>
    <module path="7542" address="0x7fe72d7dc000" size="0x200000"/>
    <module path="7542" address="0x7fe72d9ea000" size="0x2000"/>
    <module path="/usr/lib/x86_64-linux-gnu/libgmp.so.10.4.1" address="0x7fe72d9f1000" size="0xa000" version="10.4.1"/>
    <module path="/usr/lib/x86_64-linux-gnu/libgmp.so.10.4.1" address="0x7fe72da5a000" size="0x17000" version="10.4.1"/>
    <module path="/usr/lib/x86_64-linux-gnu/libgmp.so.10.4.1" address="0x7fe72da72000" size="0x1000" version="10.4.1"/>
    <module path="8054" address="0x7fe72da74000" size="0x34000"/>
    <module path="8054" address="0x7fe72dca7000" size="0x2000"/>
    <module path="8054" address="0x7fe72dcaa000" size="0x3000"/>
    <module path="6234" address="0x7fe72dcaf000" size="0x33000"/>
    <module path="6234" address="0x7fe72dee1000" size="0x1000"/>
    <module path="6234" address="0x7fe72dee3000" size="0x3000"/>
    <module path="283969522" address="0x7fe72e060000" size="0x200000"/>
    <module path="283969522" address="0x7fe72e263000" size="0x1000"/>
    <module path="/usr/lib/x86_64-linux-gnu/libXdmcp.so.6.0.0" address="0x7fe72e268000" size="0x2000" version="6.0.0"/>
    <module path="/usr/lib/x86_64-linux-gnu/libXdmcp.so.6.0.0" address="0x7fe72e26c000" size="0x2000" version="6.0.0"/>
    <module path="/usr/lib/x86_64-linux-gnu/libXdmcp.so.6.0.0" address="0x7fe72e26f000" size="0x1000" version="6.0.0"/>
    <module path="/usr/lib/x86_64-linux-gnu/libXau.so.6.0.0" address="0x7fe72e271000" size="0x2000" version="6.0.0"/>
    <module path="/usr/lib/x86_64-linux-gnu/libXau.so.6.0.0" address="0x7fe72e274000" size="0x1000" version="6.0.0"/>
    <module path="/usr/lib/x86_64-linux-gnu/libexpat.so.1.6.12" address="0x7fe72e276000" size="0x4000" version="1.6.12"/>
    <module path="/usr/lib/x86_64-linux-gnu/libexpat.so.1.6.12" address="0x7fe72e297000" size="0xa000" version="1.6.12"/>
    <module path="/usr/lib/x86_64-linux-gnu/libexpat.so.1.6.12" address="0x7fe72e2a2000" size="0x2000" version="1.6.12"/>
    <module path="283968170" address="0x7fe72e2a7000" size="0x31000"/>
    <module path="283968170" address="0x7fe72e4d7000" size="0x1000"/>
    <module path="283968170" address="0x7fe72e4d9000" size="0x2000"/>
    <module path="/usr/lib/x86_64-linux-gnu/libfontconfig.so.1.12.0" address="0x7fe72e4e2000" size="0x26000" version="1.12.0"/>
    <module path="/usr/lib/x86_64-linux-gnu/libfontconfig.so.1.12.0" address="0x7fe72e520000" size="0x2000" version="1.12.0"/>
    <module path="283968002" address="0x7fe72e523000" size="0x14000"/>
    <module path="283968002" address="0x7fe72e737000" size="0x1000"/>
    <module path="283968002" address="0x7fe72e739000" size="0x3000"/>
    <module path="2790" address="0x7fe72e741000" size="0x1ff000"/>
    <module path="2790" address="0x7fe72e941000" size="0x1000"/>
    <module path="/usr/lib/x86_64-linux-gnu/libSM.so.6.0.1" address="0x7fe72e943000" size="0x2000" version="6.0.1"/>
    <module path="/usr/lib/x86_64-linux-gnu/libSM.so.6.0.1" address="0x7fe72e94a000" size="0x2000" version="6.0.1"/>
    <module path="/usr/lib/x86_64-linux-gnu/libSM.so.6.0.1" address="0x7fe72e94d000" size="0x1000" version="6.0.1"/>
    <module path="4982" address="0x7fe72e950000" size="0x196000"/>
    <module path="4982" address="0x7fe72ece5000" size="0x7000"/>
    <module path="4982" address="0x7fe72ecef000" size="0x13000"/>
    <module path="4814" address="0x7fe72ed24000" size="0x200000"/>
    <module path="4814" address="0x7fe72ef25000" size="0x1000"/>
    <module path="283967786" address="0x7fe72ef28000" size="0x4a000"/>
    <module path="283967786" address="0x7fe72f171000" size="0x3000"/>
    <module path="283967786" address="0x7fe72f175000" size="0x4000"/>
    <module path="283967906" address="0x7fe72f185000" size="0x1ff000"/>
    <module path="283967906" address="0x7fe72f385000" size="0x1000"/>
    <module path="/usr/lib/x86_64-linux-gnu/libEGL.so.1.1.0" address="0x7fe72f388000" size="0x3000" version="1.1.0"/>
    <module path="/usr/lib/x86_64-linux-gnu/libEGL.so.1.1.0" address="0x7fe72f397000" size="0x5000" version="1.1.0"/>
    <module path="/usr/lib/x86_64-linux-gnu/libEGL.so.1.1.0" address="0x7fe72f39d000" size="0x1000" version="1.1.0"/>
    <module path="4710" address="0x7fe72f3a0000" size="0xeb000"/>
    <module path="4710" address="0x7fe72f68b000" size="0x7000"/>
    <module path="4710" address="0x7fe72f696000" size="0xa000"/>
    <module path="5866" address="0x7fe72fd91000" size="0x200000"/>
    <module path="5866" address="0x7fe72ff9c000" size="0x7000"/>
    <module path="5866" address="0x7fe72ffa8000" size="0x2e000"/>
    <module path="/usr/lib/x86_64-linux-gnu/librt-2.33.so" address="0x7fe72ffd9000" size="0x4000" version="2.33"/>
    <module path="/usr/lib/x86_64-linux-gnu/librt-2.33.so" address="0x7fe72ffdf000" size="0x1000" version="2.33"/>
    <module path="283971594" address="0x7fe72ffe1000" size="0x3d000"/>
    <module path="283971594" address="0x7fe73021d000" size="0x2000"/>
    <module path="283971594" address="0x7fe730220000" size="0x1000"/>
    <module path="283970050" address="0x7fe730225000" size="0x1ff000"/>
    <module path="283970050" address="0x7fe730425000" size="0x4000"/>
    <module path="283970018" address="0x7fe73042c000" size="0xd000"/>
    <module path="283970018" address="0x7fe730638000" size="0x2000"/>
    <module path="283970018" address="0x7fe73063b000" size="0x1000"/>
    <module path="283970082" address="0x7fe73063d000" size="0x1ff000"/>
    <module path="283970082" address="0x7fe73083d000" size="0x1000"/>
    <module path="2758" address="0x7fe73083f000" size="0x2000"/>
    <module path="2758" address="0x7fe730a41000" size="0x1000"/>
    <module path="2758" address="0x7fe730a43000" size="0x1000"/>
    <module path="2694" address="0x7fe730a4e000" size="0x1ff000"/>
    <module path="2694" address="0x7fe730c4e000" size="0x1000"/>
    <module path="2662" address="0x7fe730c50000" size="0x2000"/>
    <module path="2662" address="0x7fe730e51000" size="0x1000"/>
    <module path="2662" address="0x7fe730e53000" size="0x1000"/>
    <module path="2470" address="0x7fe730e5d000" size="0x1ff000"/>
    <module path="2470" address="0x7fe73105d000" size="0x1000"/>
    <module path="2566" address="0x7fe731061000" size="0x11000"/>
    <module path="2566" address="0x7fe731271000" size="0x1000"/>
    <module path="2566" address="0x7fe731273000" size="0x2000"/>
    <module path="283968802" address="0x7fe731281000" size="0x200000"/>
    <module path="283968802" address="0x7fe731482000" size="0x1000"/>
    <module path="283968802" address="0x7fe731485000" size="0x1000"/>
    <module path="283968306" address="0x7fe7314d4000" size="0x1ff000"/>
    <module path="283968306" address="0x7fe7316d5000" size="0x1000"/>
    <module path="/usr/lib/x86_64-linux-gnu/libasound.so.2.0.0" address="0x7fe731700000" size="0x90000" version="2.0.0"/>
    <module path="/usr/lib/x86_64-linux-gnu/libasound.so.2.0.0" address="0x7fe7317c8000" size="0x1000" version="2.0.0"/>
    <module path="/usr/lib/x86_64-linux-gnu/libasound.so.2.0.0" address="0x7fe7317d0000" size="0x1000" version="2.0.0"/>
    <module path="283968930" address="0x7fe7317fd000" size="0x1ff000"/>
    <module path="283968930" address="0x7fe7319fe000" size="0x1000"/>
    <module path="283968930" address="0x7fe731a34000" size="0x1000"/>
    <module path="283969606" address="0x7fe731a37000" size="0x2000"/>
    <module path="283969606" address="0x7fe731c38000" size="0x1000"/>
    <module path="283969606" address="0x7fe731c3a000" size="0x1000"/>
    <module path="283969638" address="0x7fe731c40000" size="0x1ff000"/>
    <module path="283969638" address="0x7fe731e40000" size="0x1000"/>
    <module path="283969710" address="0x7fe731e42000" size="0x3000"/>
    <module path="283969710" address="0x7fe732044000" size="0x1000"/>
    <module path="283969710" address="0x7fe732046000" size="0x1000"/>
    <module path="/usr/lib/x86_64-linux-gnu/libdrm.so.2.4.0" address="0x7fe73204b000" size="0xa000" version="2.4.0"/>
    <module path="/usr/lib/x86_64-linux-gnu/libdrm.so.2.4.0" address="0x7fe732059000" size="0x1000" version="2.4.0"/>
    <module path="7882" address="0x7fe73205b000" size="0x24000"/>
    <module path="7882" address="0x7fe73227f000" size="0x1000"/>
    <module path="7882" address="0x7fe732281000" size="0x1000"/>
    <module path="5570" address="0x7fe732284000" size="0xc000"/>
    <module path="5570" address="0x7fe73248f000" size="0x1000"/>
    <module path="5570" address="0x7fe732491000" size="0x1000"/>
    <module path="7966" address="0x7fe7324db000" size="0x1ff000"/>
    <module path="7966" address="0x7fe7326db000" size="0x1000"/>
    <module path="7966" address="0x7fe732709000" size="0x2000"/>
    <module path="283967526" address="0x7fe73275f000" size="0x200000"/>
    <module path="283967526" address="0x7fe732960000" size="0x1000"/>
    <module path="283967650" address="0x7fe732962000" size="0x49000"/>
    <module path="283967650" address="0x7fe732baa000" size="0x1000"/>
    <module path="283967650" address="0x7fe732bac000" size="0x1000"/>
    <module path="3950" address="0x7fe732cc5000" size="0x1ff000"/>
    <module path="3950" address="0x7fe732ec7000" size="0x2000"/>
    <module path="3950" address="0x7fe732eca000" size="0x5000"/>
    <module path="/usr/lib/x86_64-linux-gnu/libglib-2.0.so.0.6800.1" address="0x7fe732eec000" size="0x8d000" version="0.6800.1"/>
    <module path="/usr/lib/x86_64-linux-gnu/libglib-2.0.so.0.6800.1" address="0x7fe733001000" size="0x1000" version="0.6800.1"/>
    <module path="/usr/lib/x86_64-linux-gnu/libglib-2.0.so.0.6800.1" address="0x7fe733003000" size="0x1000" version="0.6800.1"/>
    <module path="5402" address="0x7fe733007000" size="0x52000"/>
    <module path="5402" address="0x7fe733259000" size="0x1000"/>
    <module path="5402" address="0x7fe73325b000" size="0x4000"/>
    <module path="283968506" address="0x7fe733295000" size="0x200000"/>
    <module path="283968506" address="0x7fe733496000" size="0x1000"/>
    <module path="283968690" address="0x7fe73349a000" size="0xa000"/>
    <module path="283968690" address="0x7fe7336a3000" size="0x1000"/>
    <module path="283968690" address="0x7fe7336a5000" size="0x1000"/>
    <module path="283968722" address="0x7fe7336ad000" size="0x1ff000"/>
    <module path="283968722" address="0x7fe7338ad000" size="0x1000"/>
    <module path="283968970" address="0x7fe7338b0000" size="0x18000"/>
    <module path="283968970" address="0x7fe733ac8000" size="0x1000"/>
    <module path="283968970" address="0x7fe733aca000" size="0x1000"/>
    <module path="283969338" address="0x7fe733ae8000" size="0x1ff000"/>
    <module path="283969338" address="0x7fe733ce8000" size="0x1000"/>
    <module path="283969370" address="0x7fe733cec000" size="0x3e000"/>
    <module path="283969370" address="0x7fe733f29000" size="0x1000"/>
    <module path="283969370" address="0x7fe733f2b000" size="0x1000"/>
    <module path="283969458" address="0x7fe733f49000" size="0x200000"/>
    <module path="283969458" address="0x7fe73414a000" size="0x1000"/>
    <module path="283969458" address="0x7fe73414f000" size="0x1000"/>
    <module path="283969742" address="0x7fe73417a000" size="0x1ff000"/>
    <module path="283969742" address="0x7fe73437a000" size="0x1000"/>
    <module path="283969782" address="0x7fe73437c000" size="0x8d000"/>
    <module path="283969782" address="0x7fe734608000" size="0x1c000"/>
    <module path="283969782" address="0x7fe734625000" size="0x1000"/>
    <module path="283969870" address="0x7fe73486e000" size="0x1ff000"/>
    <module path="283969870" address="0x7fe734a6f000" size="0x1000"/>
    <module path="283969870" address="0x7fe734a72000" size="0x1000"/>
    <module path="283969978" address="0x7fe734a9c000" size="0x1ff000"/>
    <module path="283969978" address="0x7fe734c9c000" size="0x1000"/>
    <module path="283970162" address="0x7fe734ca0000" size="0x9000"/>
    <module path="283970162" address="0x7fe734ea8000" size="0x1000"/>
    <module path="283970162" address="0x7fe734eaa000" size="0x1000"/>
    <module path="283971078" address="0x7fe734fd3000" size="0x200000"/>
    <module path="283971078" address="0x7fe7351d4000" size="0x1000"/>
    <module path="283971078" address="0x7fe735250000" size="0x3000"/>
    <module path="283971150" address="0x7fe735cc1000" size="0x1ff000"/>
    <module path="283971150" address="0x7fe735ec3000" size="0x3000"/>
    <module path="283971150" address="0x7fe735ed4000" size="0x65000"/>
    <module path="283971726" address="0x7fe735fd7000" size="0x1ff000"/>
    <module path="283971726" address="0x7fe7361d7000" size="0xa000"/>
    <module path="283971726" address="0x7fe73624a000" size="0x1000"/>
    <module path="283971830" address="0x7fe7362c2000" size="0x1ff000"/>
    <module path="283971830" address="0x7fe7364ca000" size="0xc000"/>
    <module path="283969670" address="0x7fe7364d9000" size="0x20000"/>
    <module path="283969670" address="0x7fe7366f8000" size="0x1000"/>
    <module path="283969670" address="0x7fe7366fa000" size="0x1000"/>
    <module path="4330" address="0x7fe7366fd000" size="0x1a000"/>
    <module path="4330" address="0x7fe736916000" size="0x1000"/>
    <module path="4330" address="0x7fe736918000" size="0x2000"/>
    <module path="283970114" address="0x7fe736980000" size="0x1ff000"/>
    <module path="283970114" address="0x7fe736b80000" size="0x1000"/>
    <module path="283970114" address="0x7fe736b83000" size="0x1000"/>
    <module path="3886" address="0x7fe736b93000" size="0x1ff000"/>
    <module path="3886" address="0x7fe736d93000" size="0x1000"/>
    <module path="4022" address="0x7fe736d95000" size="0x12000"/>
    <module path="4022" address="0x7fe736fa6000" size="0x1000"/>
    <module path="4022" address="0x7fe736fa8000" size="0x1000"/>
    <module path="5202" address="0x7fe736ff2000" size="0x1ff000"/>
    <module path="5202" address="0x7fe7371f4000" size="0x1000"/>
    <module path="283971634" address="0x7fe7371f6000" size="0x1b6000"/>
    <module path="283971634" address="0x7fe7375ac000" size="0x8000"/>
    <module path="283971634" address="0x7fe7375b7000" size="0xa000"/>
    <module path="5278" address="0x7fe7375c3000" size="0x158000"/>
    <module path="5278" address="0x7fe73791b000" size="0xc000"/>
    <module path="5278" address="0x7fe737929000" size="0xb000"/>
    <module path="3810" address="0x7fe737982000" size="0x1ff000"/>
    <module path="3810" address="0x7fe737b83000" size="0x1000"/>
    <module path="283967570" address="0x7fe737b85000" size="0x171000"/>
    <module path="283967570" address="0x7fe737ef6000" size="0x4000"/>
    <module path="283967570" address="0x7fe737f4d000" size="0x7000"/>
    <module path="283969070" address="0x7fe737fc6000" size="0x200000"/>
    <module path="283969070" address="0x7fe7381c7000" size="0x1000"/>
    <module path="7634" address="0x7fe7381cb000" size="0xd000"/>
    <module path="7634" address="0x7fe7383d7000" size="0x1000"/>
    <module path="7634" address="0x7fe7383d9000" size="0x1000"/>
    <module path="7710" address="0x7fe7383dc000" size="0x4e000"/>
    <module path="7710" address="0x7fe738629000" size="0x2000"/>
    <module path="7710" address="0x7fe73862e000" size="0x4000"/>
    <module path="5646" address="0x7fe73867a000" size="0x1ff000"/>
    <module path="5646" address="0x7fe73887b000" size="0x2000"/>
    <module path="4206" address="0x7fe738880000" size="0x29b000"/>
    <module path="4206" address="0x7fe738d1a000" size="0x2c000"/>
    <module path="4206" address="0x7fe738d4b000" size="0x16000"/>
    <module path="283969118" address="0x7fe738de2000" size="0x1ff000"/>
    <module path="283969118" address="0x7fe738fea000" size="0x4000"/>
    <module path="283968274" address="0x7fe738ff3000" size="0xd000"/>
    <module path="283968274" address="0x7fe7391ff000" size="0x1000"/>
    <module path="283968274" address="0x7fe739201000" size="0x1000"/>
    <module path="283968586" address="0x7fe73921d000" size="0x1ff000"/>
    <module path="283968586" address="0x7fe73941d000" size="0x1000"/>
    <module path="7266" address="0x7fe739422000" size="0x1c000"/>
    <module path="7266" address="0x7fe73963d000" size="0x1000"/>
    <module path="7266" address="0x7fe73963f000" size="0x1000"/>
    <module path="8094" address="0x7fe739663000" size="0x1ff000"/>
    <module path="8094" address="0x7fe739863000" size="0x2000"/>
    <module path="/usr/lib/x86_64-linux-gnu/libxcb.so.1.1.0" address="0x7fe739867000" size="0xb000" version="1.1.0"/>
    <module path="/usr/lib/x86_64-linux-gnu/libxcb.so.1.1.0" address="0x7fe739886000" size="0x9000" version="1.1.0"/>
    <module path="/usr/lib/x86_64-linux-gnu/libxcb.so.1.1.0" address="0x7fe739890000" size="0x1000" version="1.1.0"/>
    <module path="2822" address="0x7fe739896000" size="0x1ff000"/>
    <module path="2822" address="0x7fe739a96000" size="0x1000"/>
    <module path="2630" address="0x7fe739a98000" size="0xf000"/>
    <module path="2630" address="0x7fe739ca6000" size="0x1000"/>
    <module path="2630" address="0x7fe739ca8000" size="0x1000"/>
    <module path="/usr/lib/x86_64-linux-gnu/libGLX.so.0.0.0" address="0x7fe739cab000" size="0x3000" version="0.0.0"/>
    <module path="/usr/lib/x86_64-linux-gnu/libGLX.so.0.0.0" address="0x7fe739cc9000" size="0x4000" version="0.0.0"/>
    <module path="/usr/lib/x86_64-linux-gnu/libGLX.so.0.0.0" address="0x7fe739cce000" size="0x1000" version="0.0.0"/>
    <module path="/usr/lib/x86_64-linux-gnu/libGLdispatch.so.0.0.0" address="0x7fe739cdf000" size="0x40000" version="0.0.0"/>
    <module path="/usr/lib/x86_64-linux-gnu/libGLdispatch.so.0.0.0" address="0x7fe739d5e000" size="0x14000" version="0.0.0"/>
    <module path="/usr/lib/x86_64-linux-gnu/libGLdispatch.so.0.0.0" address="0x7fe739d8e000" size="0x1000" version="0.0.0"/>
    <module path="/usr/lib/x86_64-linux-gnu/libc-2.33.so" address="0x7fe739d97000" size="0x26000" version="2.33"/>
    <module path="/usr/lib/x86_64-linux-gnu/libc-2.33.so" address="0x7fe739f28000" size="0x4c000" version="2.33"/>
    <module path="/usr/lib/x86_64-linux-gnu/libc-2.33.so" address="0x7fe739f77000" size="0x3000" version="2.33"/>
    <module path="/usr/lib/x86_64-linux-gnu/libpthread-2.33.so" address="0x7fe739f83000" size="0x7000" version="2.33"/>
    <module path="/usr/lib/x86_64-linux-gnu/libpthread-2.33.so" address="0x7fe739f9a000" size="0x5000" version="2.33"/>
    <module path="/usr/lib/x86_64-linux-gnu/libpthread-2.33.so" address="0x7fe739fa0000" size="0x1000" version="2.33"/>
    <module path="/usr/lib/x86_64-linux-gnu/libgcc_s.so.1" address="0x7fe739fa5000" size="0x3000" version="1"/>
    <module path="/usr/lib/x86_64-linux-gnu/libgcc_s.so.1" address="0x7fe739fba000" size="0x3000" version="1"/>
    <module path="/usr/lib/x86_64-linux-gnu/libgcc_s.so.1" address="0x7fe739fbe000" size="0x1000" version="1"/>
    <module path="/usr/lib/x86_64-linux-gnu/libm-2.33.so" address="0x7fe739fc0000" size="0xf000" version="2.33"/>
    <module path="/usr/lib/x86_64-linux-gnu/libm-2.33.so" address="0x7fe73a075000" size="0x97000" version="2.33"/>
    <module path="/usr/lib/x86_64-linux-gnu/libm-2.33.so" address="0x7fe73a10d000" size="0x1000" version="2.33"/>
    <module path="/usr/lib/x86_64-linux-gnu/libstdc++.so.6.0.29" address="0x7fe73a110000" size="0x99000" version="6.0.29"/>
    <module path="/usr/lib/x86_64-linux-gnu/libstdc++.so.6.0.29" address="0x7fe73a2ac000" size="0x6c000" version="6.0.29"/>
    <module path="/usr/lib/x86_64-linux-gnu/libstdc++.so.6.0.29" address="0x7fe73a323000" size="0x3000" version="6.0.29"/>
    <module path="283971782" address="0x7fe73a329000" size="0x7a000"/>
    <module path="283971782" address="0x7fe73a5a2000" size="0x1000"/>
    <module path="283971782" address="0x7fe73a5a4000" size="0x2000"/>
    <module path="/usr/lib/x86_64-linux-gnu/libz.so.1.2.11" address="0x7fe73a5a8000" size="0x11000" version="1.2.11"/>
    <module path="/usr/lib/x86_64-linux-gnu/libz.so.1.2.11" address="0x7fe73a5bf000" size="0x1000" version="1.2.11"/>
    <module path="/usr/lib/x86_64-linux-gnu/libz.so.1.2.11" address="0x7fe73a5c1000" size="0x1000" version="1.2.11"/>
    <module path="283970266" address="0x7fe73a830000" size="0x200000"/>
    <module path="283970266" address="0x7fe73aa3b000" size="0x4000"/>
    <module path="283970266" address="0x7fe73aa45000" size="0x21000"/>
    <module path="283970382" address="0x7fe73aac3000" size="0x1ff000"/>
    <module path="283970382" address="0x7fe73acc5000" size="0x1000"/>
    <module path="283970382" address="0x7fe73acc7000" size="0x7000"/>
    <module path="283970430" address="0x7fe73ace0000" size="0x1ff000"/>
    <module path="283970430" address="0x7fe73aee0000" size="0x1000"/>
    <module path="283970518" address="0x7fe73aee5000" size="0x7b8000"/>
    <module path="283970518" address="0x7fe73b89c000" size="0x95000"/>
    <module path="283970518" address="0x7fe73b94c000" size="0x7d000"/>
    <module path="283971038" address="0x7fe73b9f4000" size="0x200000"/>
    <module path="283971038" address="0x7fe73bbf6000" size="0x1000"/>
    <module path="283970866" address="0x7fe73bbfc000" size="0xcc000"/>
    <module path="283970866" address="0x7fe73bec8000" size="0xb000"/>
    <module path="283970866" address="0x7fe73bed7000" size="0x10000"/>
    <module path="283970970" address="0x7fe73bfd9000" size="0x1ff000"/>
    <module path="283970970" address="0x7fe73c1e6000" size="0x2000"/>
    <module path="283970970" address="0x7fe73c1ea000" size="0x1a000"/>
    <module path="283970462" address="0x7fe73c299000" size="0x200000"/>
    <module path="283970462" address="0x7fe73c4a1000" size="0x1000"/>
    <module path="283970462" address="0x7fe73c4a4000" size="0xd000"/>
    <module path="283970834" address="0x7fe73c4c7000" size="0x200000"/>
    <module path="283970834" address="0x7fe73c6c9000" size="0x1000"/>
    <module path="2334" address="0x7fe73c6d0000" size="0x125000"/>
    <module path="2334" address="0x7fe73c9f5000" size="0x4000"/>
    <module path="2334" address="0x7fe73ca02000" size="0x6000"/>
    <module path="7754" address="0x7fe73caaf000" size="0x1ff000"/>
    <module path="7754" address="0x7fe73ccb0000" size="0x4000"/>
    <module path="283969202" address="0x7fe73ccef000" size="0x85000"/>
    <module path="283969202" address="0x7fe73cf74000" size="0x1000"/>
    <module path="283969202" address="0x7fe73cf7e000" size="0x1000"/>
    <module path="283969170" address="0x7fe73cf9b000" size="0x200000"/>
    <module path="283969170" address="0x7fe73d19d000" size="0x1000"/>
    <module path="3718" address="0x7fe73d19f000" size="0x67000"/>
    <module path="3718" address="0x7fe73d406000" size="0x12000"/>
    <module path="3718" address="0x7fe73d42c000" size="0x4000"/>
    <module path="3158" address="0x7fe73e0d8000" size="0x1ff000"/>
    <module path="3158" address="0x7fe73e312000" size="0x2d000"/>
    <module path="3158" address="0x7fe73eb52000" size="0x5000"/>
    <module path="3610" address="0x7fe73eb59000" size="0x22a000"/>
    <module path="3610" address="0x7fe73ef83000" size="0x1a000"/>
    <module path="3610" address="0x7fe73efb4000" size="0x4000"/>
    <module path="4414" address="0x7fe73f036000" size="0x200000"/>
    <module path="4414" address="0x7fe73f239000" size="0x1000"/>
    <module path="/usr/lib/x86_64-linux-gnu/libX11.so.6.4.0" address="0x7fe73f23d000" size="0x19000" version="6.4.0"/>
    <module path="/usr/lib/x86_64-linux-gnu/libX11.so.6.4.0" address="0x7fe73f2e2000" size="0x94000" version="6.4.0"/>
    <module path="/usr/lib/x86_64-linux-gnu/libX11.so.6.4.0" address="0x7fe73f377000" size="0x4000" version="6.4.0"/>
    <module path="/usr/lib/x86_64-linux-gnu/libdl-2.33.so" address="0x7fe73f37d000" size="0x2000" version="2.33"/>
    <module path="/usr/lib/x86_64-linux-gnu/libdl-2.33.so" address="0x7fe73f380000" size="0x1000" version="2.33"/>
    <module path="5158" address="0x7fe73f382000" size="0x40000"/>
    <module path="5158" address="0x7fe73f5c2000" size="0x4000"/>
    <module path="5158" address="0x7fe73f5cb000" size="0x2000"/>
    <module path="/usr/lib/x86_64-linux-gnu/libGL.so.1.7.0" address="0x7fe73f610000" size="0x20000" version="1.7.0"/>
    <module path="/usr/lib/x86_64-linux-gnu/libGL.so.1.7.0" address="0x7fe73f645000" size="0xe000" version="1.7.0"/>
    <module path="/var/cache/fontconfig/ca84b0bc-ac41-47a1-a10a-2e5c85387f6c-le64.cache-7" address="0x7fe73f655000" size="0x1000"/>
    <module path="/var/cache/fontconfig/c274992d-02f4-4d07-ba46-ecca896bd678-le64.cache-7" address="0x7fe73f657000" size="0x3000"/>
    <module path="/var/cache/fontconfig/2e8a274d-963d-4efb-afce-22271a93f8a9-le64.cache-7" address="0x7fe73f662000" size="0x3000"/>
    <module path="/usr/lib/x86_64-linux-gnu/gconv/UTF-32.so" address="0x7fe73f666000" size="0x1000" version="32"/>
    <module path="/usr/lib/x86_64-linux-gnu/gconv/UTF-32.so" address="0x7fe73f669000" size="0x1000" version="32"/>
    <module path="/usr/lib/x86_64-linux-gnu/gconv/UTF-32.so" address="0x7fe73f66b000" size="0x1000" version="32"/>
    <module path="/usr/lib/x86_64-linux-gnu/ld-2.33.so" address="0x7fe73f675000" size="0x1000" version="2.33"/>
    <module path="/usr/lib/x86_64-linux-gnu/ld-2.33.so" address="0x7fe73f69d000" size="0xa000" version="2.33"/>
    <module path="/usr/lib/x86_64-linux-gnu/ld-2.33.so" address="0x7fe73f6a9000" size="0x2000" version="2.33"/>
    <module path="[vvar]" address="0x7ffc6a4ff000" size="0x4000"/>
  </modules>
  <stack>
    <frame level="0" function="handleCrash(void*)" offset="0x16d" address="0x5593629864bd" module="/tmp/.mount_xLightnnfF0D/AppRun.wrapped"/>
    <frame level="1" offset="0x1ba7dc" address="0x7fe73a77c7dc" module="/tmp/.mount_xLightnnfF0D/usr/bin/../lib/libwx_baseu-3.1.so.6"/>
    <frame level="2" offset="0x141f0" address="0x7fe739f971f0" module="/lib/x86_64-linux-gnu/libpthread.so.0"/>
    <frame level="3" function="wxPropertyGrid::HandleCustomEditorEvent(wxEvent&amp;)" offset="0x60" address="0x7fe73bf803d0" module="/tmp/.mount_xLightnnfF0D/usr/bin/../lib/libwx_gtk3u_propgrid-3.1.so.6"/>
    <frame level="4" offset="0xa5869" address="0x7fe73bf8c869" module="/tmp/.mount_xLightnnfF0D/usr/bin/../lib/libwx_gtk3u_propgrid-3.1.so.6"/>
    <frame level="5" function="wxWindowBase::SendDestroyEvent()" offset="0x85" address="0x7fe73b41e8a5" module="/tmp/.mount_xLightnnfF0D/usr/bin/../lib/libwx_gtk3u_core-3.1.so.6"/>
    <frame level="6" function="wxWindowBase::Destroy()" offset="0x2e" address="0x7fe73b41e95e" module="/tmp/.mount_xLightnnfF0D/usr/bin/../lib/libwx_gtk3u_core-3.1.so.6"/>
    <frame level="7" function="wxWindowBase::DestroyChildren()" offset="0x31" address="0x7fe73b41e9b1" module="/tmp/.mount_xLightnnfF0D/usr/bin/../lib/libwx_gtk3u_core-3.1.so.6"/>
    <frame level="8" function="wxWindow::~wxWindow()" offset="0xb0" address="0x7fe73b23b440" module="/tmp/.mount_xLightnnfF0D/usr/bin/../lib/libwx_gtk3u_core-3.1.so.6"/>
    <frame level="9" function="wxPropertyGrid::~wxPropertyGrid()" offset="0x6a1" address="0x7fe73bf86f91" module="/tmp/.mount_xLightnnfF0D/usr/bin/../lib/libwx_gtk3u_propgrid-3.1.so.6"/>
    <frame level="10" function="wxPropertyGrid::~wxPropertyGrid()" offset="0x9" address="0x7fe73bf870f9" module="/tmp/.mount_xLightnnfF0D/usr/bin/../lib/libwx_gtk3u_propgrid-3.1.so.6"/>
    <frame level="11" function="wxWindowBase::Destroy()" offset="0x37" address="0x7fe73b41e967" module="/tmp/.mount_xLightnnfF0D/usr/bin/../lib/libwx_gtk3u_core-3.1.so.6"/>
    <frame level="12" function="wxWindowBase::DestroyChildren()" offset="0x31" address="0x7fe73b41e9b1" module="/tmp/.mount_xLightnnfF0D/usr/bin/../lib/libwx_gtk3u_core-3.1.so.6"/>
    <frame level="13" function="wxWindow::~wxWindow()" offset="0xb0" address="0x7fe73b23b440" module="/tmp/.mount_xLightnnfF0D/usr/bin/../lib/libwx_gtk3u_core-3.1.so.6"/>
    <frame level="14" function="wxSplitterWindow::~wxSplitterWindow()" offset="0x9" address="0x7fe73b48af39" module="/tmp/.mount_xLightnnfF0D/usr/bin/../lib/libwx_gtk3u_core-3.1.so.6"/>
    <frame level="15" function="wxWindowBase::Destroy()" offset="0x37" address="0x7fe73b41e967" module="/tmp/.mount_xLightnnfF0D/usr/bin/../lib/libwx_gtk3u_core-3.1.so.6"/>
    <frame level="16" function="wxWindowBase::DestroyChildren()" offset="0x31" address="0x7fe73b41e9b1" module="/tmp/.mount_xLightnnfF0D/usr/bin/../lib/libwx_gtk3u_core-3.1.so.6"/>
    <frame level="17" function="wxWindow::~wxWindow()" offset="0xb0" address="0x7fe73b23b440" module="/tmp/.mount_xLightnnfF0D/usr/bin/../lib/libwx_gtk3u_core-3.1.so.6"/>
    <frame level="18" offset="0x4eb2b3" address="0x7fe73b3d02b3" module="/tmp/.mount_xLightnnfF0D/usr/bin/../lib/libwx_gtk3u_core-3.1.so.6"/>
    <frame level="19" function="wxWindowBase::Destroy()" offset="0x37" address="0x7fe73b41e967" module="/tmp/.mount_xLightnnfF0D/usr/bin/../lib/libwx_gtk3u_core-3.1.so.6"/>
    <frame level="20" function="wxWindowBase::DestroyChildren()" offset="0x31" address="0x7fe73b41e9b1" module="/tmp/.mount_xLightnnfF0D/usr/bin/../lib/libwx_gtk3u_core-3.1.so.6"/>
    <frame level="21" function="wxWindow::~wxWindow()" offset="0xb0" address="0x7fe73b23b440" module="/tmp/.mount_xLightnnfF0D/usr/bin/../lib/libwx_gtk3u_core-3.1.so.6"/>
    <frame level="22" function="wxSplitterWindow::~wxSplitterWindow()" offset="0x9" address="0x7fe73b48af39" module="/tmp/.mount_xLightnnfF0D/usr/bin/../lib/libwx_gtk3u_core-3.1.so.6"/>
    <frame level="23" function="wxWindowBase::Destroy()" offset="0x37" address="0x7fe73b41e967" module="/tmp/.mount_xLightnnfF0D/usr/bin/../lib/libwx_gtk3u_core-3.1.so.6"/>
    <frame level="24" function="wxWindowBase::DestroyChildren()" offset="0x31" address="0x7fe73b41e9b1" module="/tmp/.mount_xLightnnfF0D/usr/bin/../lib/libwx_gtk3u_core-3.1.so.6"/>
    <frame level="25" function="wxWindow::~wxWindow()" offset="0xb0" address="0x7fe73b23b440" module="/tmp/.mount_xLightnnfF0D/usr/bin/../lib/libwx_gtk3u_core-3.1.so.6"/>
    <frame level="26" function="LayoutPanel::~LayoutPanel()" offset="0x9" address="0x559362b054d9" module="/tmp/.mount_xLightnnfF0D/AppRun.wrapped"/>
    <frame level="27" function="wxWindowBase::Destroy()" offset="0x37" address="0x7fe73b41e967" module="/tmp/.mount_xLightnnfF0D/usr/bin/../lib/libwx_gtk3u_core-3.1.so.6"/>
    <frame level="28" function="wxWindowBase::DestroyChildren()" offset="0x31" address="0x7fe73b41e9b1" module="/tmp/.mount_xLightnnfF0D/usr/bin/../lib/libwx_gtk3u_core-3.1.so.6"/>
    <frame level="29" function="wxWindow::~wxWindow()" offset="0xb0" address="0x7fe73b23b440" module="/tmp/.mount_xLightnnfF0D/usr/bin/../lib/libwx_gtk3u_core-3.1.so.6"/>
    <frame level="30" offset="0x4eb2b3" address="0x7fe73b3d02b3" module="/tmp/.mount_xLightnnfF0D/usr/bin/../lib/libwx_gtk3u_core-3.1.so.6"/>
    <frame level="31" function="wxWindowBase::Destroy()" offset="0x37" address="0x7fe73b41e967" module="/tmp/.mount_xLightnnfF0D/usr/bin/../lib/libwx_gtk3u_core-3.1.so.6"/>
    <frame level="32" function="wxAuiNotebook::DeletePage(unsigned long)" offset="0xcd" address="0x7fe73c2569ad" module="/tmp/.mount_xLightnnfF0D/usr/bin/../lib/libwx_gtk3u_aui-3.1.so.6"/>
    <frame level="33" function="wxAuiNotebook::DeleteAllPages()" offset="0x4b" address="0x7fe73c256a0b" module="/tmp/.mount_xLightnnfF0D/usr/bin/../lib/libwx_gtk3u_aui-3.1.so.6"/>
    <frame level="34" function="xLightsFrame::~xLightsFrame()" offset="0xe4f" address="0x55936294d6af" module="/tmp/.mount_xLightnnfF0D/AppRun.wrapped"/>
    <frame level="35" function="xLightsFrame::~xLightsFrame()" offset="0x9" address="0x55936294dcd9" module="/tmp/.mount_xLightnnfF0D/AppRun.wrapped"/>
    <frame level="36" function="wxAppBase::DeleteAllTLWs()" offset="0x1f" address="0x7fe73b2f639f" module="/tmp/.mount_xLightnnfF0D/usr/bin/../lib/libwx_gtk3u_core-3.1.so.6"/>
    <frame level="37" function="wxAppBase::CleanUp()" offset="0x14" address="0x7fe73b2f6434" module="/tmp/.mount_xLightnnfF0D/usr/bin/../lib/libwx_gtk3u_core-3.1.so.6"/>
    <frame level="38" function="wxEntryCleanup()" offset="0x2e" address="0x7fe73a6bec8e" module="/tmp/.mount_xLightnnfF0D/usr/bin/../lib/libwx_baseu-3.1.so.6"/>
    <frame level="39" function="wxUninitialize()" offset="0x1c" address="0x7fe73a6bed1c" module="/tmp/.mount_xLightnnfF0D/usr/bin/../lib/libwx_baseu-3.1.so.6"/>
    <frame level="40" function="wxEntry(int&amp;, wchar_t**)" offset="0x58" address="0x7fe73a6c0218" module="/tmp/.mount_xLightnnfF0D/usr/bin/../lib/libwx_baseu-3.1.so.6"/>
    <frame level="41" function="main" offset="0xc3" address="0x5593625404e3" module="/tmp/.mount_xLightnnfF0D/AppRun.wrapped"/>
    <frame level="42" function="__libc_start_main" offset="0xd5" address="0x7fe739dbf565" module="/lib/x86_64-linux-gnu/libc.so.6"/>
    <frame level="43" function="_start" offset="0x2a" address="0x559362568eaa" module="/tmp/.mount_xLightnnfF0D/AppRun.wrapped"/>
  </stack>
</report>
