<?xml version="1.0" encoding="UTF-8"?>
<report version="1.0" kind="exception">
  <system description="Linux 5.15.0-52-generic x86_64"/>
  <modules>
    <module path="394" address="0x55723d1f4000" size="0x7b2000"/>
    <module path="394" address="0x55723ec1c000" size="0xab8000"/>
    <module path="394" address="0x55723f78c000" size="0x179000"/>
    <module path="394" address="0x55723fd7a000" size="0x198000"/>
    <module path="/SYSV00000000" address="0x7fda42000000" size="0x2000000"/>
    <module path="/usr/share/fonts/truetype/noto/NotoColorEmoji.ttf" address="0x7fda8762e000" size="0x9d2000"/>
    <module path="/usr/share/fonts/truetype/dejavu/DejaVuSans-Bold.ttf" address="0x7fdaac37b000" size="0xad000"/>
    <module path="/dev/dri/renderD129" address="0x7fdaacdfa000" size="0x200000"/>
    <module path="/usr/lib/x86_64-linux-gnu/libLLVM-13.so.1" address="0x7fdab605c000" size="0x5897000" version="1"/>
    <module path="/usr/lib/x86_64-linux-gnu/libLLVM-13.so.1" address="0x7fdabbf85000" size="0x9000" version="1"/>
    <module path="/usr/share/fonts/truetype/dejavu/DejaVuSans-Bold.ttf" address="0x7fdac8042000" size="0xad000"/>
    <module path="/dev/dri/renderD129" address="0x7fdac8143000" size="0x200000"/>
    <module path="/home/knighteagle789/.cache/mesa_shader_cache/index" address="0x7fdac8b44000" size="0x141000"/>
    <module path="/usr/lib/x86_64-linux-gnu/libtinfo.so.6.3" address="0x7fdac8c93000" size="0x11000" version="6.3"/>
    <module path="/usr/lib/x86_64-linux-gnu/libtinfo.so.6.3" address="0x7fdac8cb2000" size="0x4000" version="6.3"/>
    <module path="/usr/lib/x86_64-linux-gnu/libedit.so.2.0.68" address="0x7fdac8cb7000" size="0x8000" version="2.0.68"/>
    <module path="/usr/lib/x86_64-linux-gnu/libedit.so.2.0.68" address="0x7fdac8cdd000" size="0xd000" version="2.0.68"/>
    <module path="/usr/lib/x86_64-linux-gnu/libedit.so.2.0.68" address="0x7fdac8cec000" size="0x1000" version="2.0.68"/>
    <module path="/usr/lib/x86_64-linux-gnu/libvulkan.so.1.3.204" address="0x7fdac8cf1000" size="0xf000" version="1.3.204"/>
    <module path="/usr/lib/x86_64-linux-gnu/libvulkan.so.1.3.204" address="0x7fdac8d3d000" size="0x20000" version="1.3.204"/>
    <module path="/usr/lib/x86_64-linux-gnu/libvulkan.so.1.3.204" address="0x7fdac8d5e000" size="0x1000" version="1.3.204"/>
    <module path="/usr/lib/x86_64-linux-gnu/libdrm_nouveau.so.2.0.0" address="0x7fdac8d61000" size="0x5000" version="2.0.0"/>
    <module path="/usr/lib/x86_64-linux-gnu/libdrm_nouveau.so.2.0.0" address="0x7fdac8d68000" size="0x1000" version="2.0.0"/>
    <module path="/usr/lib/x86_64-linux-gnu/libdrm_amdgpu.so.1.0.0" address="0x7fdac8d6a000" size="0x3000" version="1.0.0"/>
    <module path="/usr/lib/x86_64-linux-gnu/libdrm_amdgpu.so.1.0.0" address="0x7fdac8d72000" size="0x2000" version="1.0.0"/>
    <module path="/usr/lib/x86_64-linux-gnu/libdrm_amdgpu.so.1.0.0" address="0x7fdac8d75000" size="0x1000" version="1.0.0"/>
    <module path="/usr/lib/x86_64-linux-gnu/libelf-0.186.so" address="0x7fdac8d79000" size="0x14000" version="0.186"/>
    <module path="/usr/lib/x86_64-linux-gnu/libelf-0.186.so" address="0x7fdac8d91000" size="0x1000" version="0.186"/>
    <module path="/usr/lib/x86_64-linux-gnu/libelf-0.186.so" address="0x7fdac8d93000" size="0x1000" version="0.186"/>
    <module path="/usr/lib/x86_64-linux-gnu/libdrm_radeon.so.1.0.1" address="0x7fdac8d96000" size="0x7000" version="1.0.1"/>
    <module path="/usr/lib/x86_64-linux-gnu/libdrm_radeon.so.1.0.1" address="0x7fdac8da1000" size="0x1000" version="1.0.1"/>
    <module path="/usr/lib/x86_64-linux-gnu/libsensors.so.5.0.0" address="0x7fdac8da3000" size="0x2000" version="5.0.0"/>
    <module path="/usr/lib/x86_64-linux-gnu/libsensors.so.5.0.0" address="0x7fdac8dac000" size="0x4000" version="5.0.0"/>
    <module path="/usr/lib/x86_64-linux-gnu/libsensors.so.5.0.0" address="0x7fdac8db1000" size="0x1000" version="5.0.0"/>
    <module path="/usr/lib/x86_64-linux-gnu/dri/radeonsi_dri.so" address="0x7fdac8db3000" size="0x90000" version="gnu/dri/radeonsi_dri"/>
    <module path="/usr/lib/x86_64-linux-gnu/dri/radeonsi_dri.so" address="0x7fdac9e88000" size="0x683000" version="gnu/dri/radeonsi_dri"/>
    <module path="/usr/lib/x86_64-linux-gnu/dri/radeonsi_dri.so" address="0x7fdaca580000" size="0xd000" version="gnu/dri/radeonsi_dri"/>
    <module path="/usr/lib/x86_64-linux-gnu/libxcb-xfixes.so.0.0.0" address="0x7fdaca74a000" size="0x3000" version="0.0.0"/>
    <module path="/usr/lib/x86_64-linux-gnu/libxcb-xfixes.so.0.0.0" address="0x7fdaca750000" size="0x1000" version="0.0.0"/>
    <module path="/usr/lib/x86_64-linux-gnu/libxcb-xfixes.so.0.0.0" address="0x7fdaca752000" size="0x1000" version="0.0.0"/>
    <module path="/usr/lib/x86_64-linux-gnu/libxshmfence.so.1.0.0" address="0x7fdaca754000" size="0x1000" version="1.0.0"/>
    <module path="/usr/lib/x86_64-linux-gnu/libxshmfence.so.1.0.0" address="0x7fdaca756000" size="0x1000" version="1.0.0"/>
    <module path="/usr/lib/x86_64-linux-gnu/libxshmfence.so.1.0.0" address="0x7fdaca758000" size="0x1000" version="1.0.0"/>
    <module path="/usr/lib/x86_64-linux-gnu/libxcb-sync.so.1.0.0" address="0x7fdaca75c000" size="0x3000" version="1.0.0"/>
    <module path="/usr/lib/x86_64-linux-gnu/libxcb-sync.so.1.0.0" address="0x7fdaca760000" size="0x1000" version="1.0.0"/>
    <module path="/usr/lib/x86_64-linux-gnu/libxcb-sync.so.1.0.0" address="0x7fdaca762000" size="0x1000" version="1.0.0"/>
    <module path="/usr/lib/x86_64-linux-gnu/libxcb-present.so.0.0.0" address="0x7fdaca764000" size="0x1000" version="0.0.0"/>
    <module path="/usr/lib/x86_64-linux-gnu/libxcb-present.so.0.0.0" address="0x7fdaca766000" size="0x1000" version="0.0.0"/>
    <module path="/usr/lib/x86_64-linux-gnu/libxcb-dri3.so.0.0.0" address="0x7fdaca768000" size="0x2000" version="0.0.0"/>
    <module path="/usr/lib/x86_64-linux-gnu/libxcb-dri3.so.0.0.0" address="0x7fdaca76c000" size="0x1000" version="0.0.0"/>
    <module path="/usr/lib/x86_64-linux-gnu/libxcb-dri3.so.0.0.0" address="0x7fdaca76e000" size="0x1000" version="0.0.0"/>
    <module path="/usr/lib/x86_64-linux-gnu/libxcb-glx.so.0.0.0" address="0x7fdaca77a000" size="0x9000" version="0.0.0"/>
    <module path="/usr/lib/x86_64-linux-gnu/libxcb-glx.so.0.0.0" address="0x7fdaca788000" size="0x1000" version="0.0.0"/>
    <module path="/usr/lib/x86_64-linux-gnu/libxcb-glx.so.0.0.0" address="0x7fdaca78b000" size="0x1000" version="0.0.0"/>
    <module path="/usr/lib/x86_64-linux-gnu/libGLX_mesa.so.0.0.0" address="0x7fdaca7a5000" size="0x3e000" version="0.0.0"/>
    <module path="/usr/lib/x86_64-linux-gnu/libGLX_mesa.so.0.0.0" address="0x7fdaca7f8000" size="0x1000" version="0.0.0"/>
    <module path="/usr/lib/x86_64-linux-gnu/libGLX_mesa.so.0.0.0" address="0x7fdaca7fb000" size="0x1000" version="0.0.0"/>
    <module path="/usr/share/fonts/truetype/liberation2/LiberationSans-Regular.ttf" address="0x7fdacbb36000" size="0x65000"/>
    <module path="/dev/dri/renderD129" address="0x7fdacbc00000" size="0x200000"/>
    <module path="/usr/lib/x86_64-linux-gnu/libxcb-dri2.so.0.0.0" address="0x7fdad8002000" size="0x2000" version="0.0.0"/>
    <module path="/usr/lib/x86_64-linux-gnu/libxcb-dri2.so.0.0.0" address="0x7fdad8006000" size="0x1000" version="0.0.0"/>
    <module path="/usr/lib/x86_64-linux-gnu/libxcb-dri2.so.0.0.0" address="0x7fdad8008000" size="0x1000" version="0.0.0"/>
    <module path="/usr/lib/x86_64-linux-gnu/libX11-xcb.so.1.0.0" address="0x7fdad800a000" size="0x1000" version="1.0.0"/>
    <module path="/usr/lib/x86_64-linux-gnu/libX11-xcb.so.1.0.0" address="0x7fdad800c000" size="0x1000" version="1.0.0"/>
    <module path="/usr/lib/x86_64-linux-gnu/libglapi.so.0.0.0" address="0x7fdad800e000" size="0xd000" version="0.0.0"/>
    <module path="/usr/lib/x86_64-linux-gnu/libglapi.so.0.0.0" address="0x7fdad8029000" size="0x19000" version="0.0.0"/>
    <module path="/usr/lib/x86_64-linux-gnu/libglapi.so.0.0.0" address="0x7fdad8043000" size="0x4000" version="0.0.0"/>
    <module path="/usr/lib/x86_64-linux-gnu/libnss_mdns4_minimal.so.2" address="0x7fdad8049000" size="0x1000" version="2"/>
    <module path="/usr/lib/x86_64-linux-gnu/libnss_mdns4_minimal.so.2" address="0x7fdad804c000" size="0x1000" version="2"/>
    <module path="/usr/lib/x86_64-linux-gnu/libnss_mdns4_minimal.so.2" address="0x7fdad804e000" size="0x1000" version="2"/>
    <module path="/memfd:xshmfence" address="0x7fdad8059000" size="0x1000"/>
    <module path="/dev/dri/renderD129" address="0x7fdad805b000" size="0x1000"/>
    <module path="/dev/dri/renderD129" address="0x7fdad805d000" size="0x1000"/>
    <module path="/usr/share/fonts/truetype/dejavu/DejaVuSans.ttf" address="0x7fdad8117000" size="0xb9000"/>
    <module path="486082328" address="0x7fdad81d2000" size="0x3000"/>
    <module path="486082328" address="0x7fdad81d6000" size="0x1000"/>
    <module path="486082328" address="0x7fdad81d8000" size="0x1000"/>
    <module path="/usr/share/fonts/truetype/ubuntu/Ubuntu-B.ttf" address="0x7fdad81db000" size="0x52000"/>
    <module path="486082424" address="0x7fdad827f000" size="0x1000"/>
    <module path="486082424" address="0x7fdad8281000" size="0x1000"/>
    <module path="486082424" address="0x7fdad8283000" size="0x1000"/>
    <module path="/usr/share/mime/mime.cache" address="0x7fdad8285000" size="0x23000"/>
    <module path="/home/knighteagle789/.local/share/icons/hicolor/icon-theme.cache" address="0x7fdad82cb000" size="0x1000"/>
    <module path="/usr/share/icons/hicolor/icon-theme.cache" address="0x7fdad82d0000" size="0x4000"/>
    <module path="/usr/share/icons/Adwaita/icon-theme.cache" address="0x7fdad82e1000" size="0xd000"/>
    <module path="/usr/share/icons/Humanity/icon-theme.cache" address="0x7fdad833e000" size="0x50000"/>
    <module path="/usr/share/icons/Yaru/icon-theme.cache" address="0x7fdad83bc000" size="0x2e000"/>
    <module path="/usr/share/icons/Yaru-bark/icon-theme.cache" address="0x7fdad83ec000" size="0x2000"/>
    <module path="/usr/share/fonts/truetype/ubuntu/Ubuntu-R.ttf" address="0x7fdad8445000" size="0x57000"/>
    <module path="/var/cache/fontconfig/9c34cfff-d837-4edf-9a18-c9a091fb50e3-le64.cache-7" address="0x7fdad84a7000" size="0x6000"/>
    <module path="/var/cache/fontconfig/0a68ec59-77fe-425a-8a3c-57e3af855d95-le64.cache-7" address="0x7fdad84ae000" size="0x16000"/>
    <module path="/var/cache/fontconfig/cba1f419-8d4a-4973-91dd-7a5e1a486ace-le64.cache-7" address="0x7fdad84c5000" size="0x8000"/>
    <module path="/var/cache/fontconfig/68ec875c-2269-4fa8-a273-7546568ce686-le64.cache-7" address="0x7fdad84ce000" size="0x2000"/>
    <module path="/var/cache/fontconfig/01139ccf-d868-44bc-a55c-96d7b299fca2-le64.cache-7" address="0x7fdad84d1000" size="0x2000"/>
    <module path="/var/cache/fontconfig/755b4ba5-26bf-4454-bab8-3d9c115fc3df-le64.cache-7" address="0x7fdad84d5000" size="0x3000"/>
    <module path="/var/cache/fontconfig/1ba256dc-d2ae-4cc4-a579-5dcee23d302f-le64.cache-7" address="0x7fdad84dd000" size="0x1000"/>
    <module path="/var/cache/fontconfig/fe220715-ce5e-47ef-a8cf-9aa9fa3f0641-le64.cache-7" address="0x7fdad84df000" size="0x1000"/>
    <module path="/var/cache/fontconfig/f98da470-7d2c-46ab-9a2b-57753684424e-le64.cache-7" address="0x7fdad84e1000" size="0x1000"/>
    <module path="/var/cache/fontconfig/04bf7d73-c8bb-468b-9183-890cdc73535b-le64.cache-7" address="0x7fdad84e3000" size="0x1000"/>
    <module path="/var/cache/fontconfig/e5826211-9375-4c68-b6a0-3674265bd5ec-le64.cache-7" address="0x7fdad84e5000" size="0x1000"/>
    <module path="/var/cache/fontconfig/9e658df7-616d-4ed9-ae3b-3b6da098460a-le64.cache-7" address="0x7fdad84e7000" size="0x1000"/>
    <module path="/var/cache/fontconfig/3db26063-032f-4a82-9372-a3db133c6e4d-le64.cache-7" address="0x7fdad84e9000" size="0x6000"/>
    <module path="/var/cache/fontconfig/2bc12021-f2ef-490b-82a2-fc1c7d0dad82-le64.cache-7" address="0x7fdad84f6000" size="0x1000"/>
    <module path="/var/cache/fontconfig/15558bc2-e09d-4996-af76-b319bb3ebe25-le64.cache-7" address="0x7fdad84f8000" size="0x6000"/>
    <module path="/var/cache/fontconfig/9e12b076-037e-410e-892d-acc5dcd2384b-le64.cache-7" address="0x7fdad8511000" size="0x6000"/>
    <module path="/var/cache/fontconfig/101a04ab-0cd4-493e-b8fd-97ef338c0d4b-le64.cache-7" address="0x7fdad8518000" size="0x1000"/>
    <module path="/SYSV00000000" address="0x7fdad8525000" size="0x200000"/>
    <module path="/var/cache/fontconfig/4f2c7642-ff6a-4923-9af1-3b95a52b1b3e-le64.cache-7" address="0x7fdad87c3000" size="0x1000"/>
    <module path="/var/cache/fontconfig/368914e8-f717-4610-8b16-a8157cc7fef8-le64.cache-7" address="0x7fdad87c5000" size="0x3000"/>
    <module path="/var/cache/fontconfig/803f4c6c-b9b3-460f-b9cd-e153e377f1b1-le64.cache-7" address="0x7fdad87ca000" size="0x3000"/>
    <module path="/var/cache/fontconfig/cb0f90c1-2b9e-4613-b60d-467a8ea6a25e-le64.cache-7" address="0x7fdad87ce000" size="0x1000"/>
    <module path="/var/cache/fontconfig/b5418c8e-4950-4a5a-bf14-e3cd8ae76203-le64.cache-7" address="0x7fdad87d0000" size="0x1000"/>
    <module path="/var/cache/fontconfig/443ce293-d37a-4e53-8e20-66ba39ce136c-le64.cache-7" address="0x7fdad87df000" size="0x10000"/>
    <module path="/usr/lib/x86_64-linux-gnu/gio/modules/libgvfsdbus.so" address="0x7fdad8813000" size="0xa000" version="gnu/gio/modules/libgvfsdbus"/>
    <module path="/usr/lib/x86_64-linux-gnu/gio/modules/libgvfsdbus.so" address="0x7fdad883b000" size="0xa000" version="gnu/gio/modules/libgvfsdbus"/>
    <module path="/usr/lib/x86_64-linux-gnu/gio/modules/libgvfsdbus.so" address="0x7fdad8847000" size="0x1000" version="gnu/gio/modules/libgvfsdbus"/>
    <module path="/usr/lib/x86_64-linux-gnu/gio/modules/libdconfsettings.so" address="0x7fdad884c000" size="0x7000" version="gnu/gio/modules/libdconfsettings"/>
    <module path="/usr/lib/x86_64-linux-gnu/gio/modules/libdconfsettings.so" address="0x7fdad8856000" size="0x1000" version="gnu/gio/modules/libdconfsettings"/>
    <module path="/usr/lib/x86_64-linux-gnu/gvfs/libgvfscommon.so" address="0x7fdad985a000" size="0x12000" version="gnu/gvfs/libgvfscommon"/>
    <module path="/usr/lib/x86_64-linux-gnu/gvfs/libgvfscommon.so" address="0x7fdad9888000" size="0xd000" version="gnu/gvfs/libgvfscommon"/>
    <module path="/usr/lib/x86_64-linux-gnu/gvfs/libgvfscommon.so" address="0x7fdad9896000" size="0x6000" version="gnu/gvfs/libgvfscommon"/>
    <module path="/usr/lib/x86_64-linux-gnu/gio/modules/libgioremote-volume-monitor.so" address="0x7fdad989d000" size="0x7000" version="monitor"/>
    <module path="/usr/lib/x86_64-linux-gnu/gio/modules/libgioremote-volume-monitor.so" address="0x7fdad98b0000" size="0x5000" version="monitor"/>
    <module path="/usr/lib/x86_64-linux-gnu/gio/modules/libgioremote-volume-monitor.so" address="0x7fdad98b9000" size="0x1000" version="monitor"/>
    <module path="/memfd:pulseaudio" address="0x7fdad98fb000" size="0x4000000"/>
    <module path="/memfd:pulseaudio" address="0x7fdae18fb000" size="0x4000000"/>
    <module path="/usr/lib/x86_64-linux-gnu/gconv/UTF-32.so" address="0x7fdae98fb000" size="0x1000" version="32"/>
    <module path="/usr/lib/x86_64-linux-gnu/gconv/UTF-32.so" address="0x7fdae98fe000" size="0x1000" version="32"/>
    <module path="/usr/lib/x86_64-linux-gnu/gconv/UTF-32.so" address="0x7fdae9900000" size="0x1000" version="32"/>
    <module path="3545" address="0x7fdaea6f3000" size="0x8000"/>
    <module path="3545" address="0x7fdaea724000" size="0xa000"/>
    <module path="3545" address="0x7fdaea72f000" size="0x1000"/>
    <module path="3545" address="0x7fdaea731000" size="0x4000"/>
    <module path="269092961" address="0x7fdaea739000" size="0x10000"/>
    <module path="269092961" address="0x7fdaea74e000" size="0x1000"/>
    <module path="269092961" address="0x7fdaea752000" size="0x2000"/>
    <module path="269092665" address="0x7fdaea756000" size="0x1a000"/>
    <module path="269092665" address="0x7fdaea773000" size="0x1000"/>
    <module path="269092665" address="0x7fdaea775000" size="0x1000"/>
    <module path="6133" address="0x7fdaea778000" size="0x15000"/>
    <module path="6133" address="0x7fdaea7a7000" size="0x1000"/>
    <module path="6133" address="0x7fdaea7b1000" size="0x1000"/>
    <module path="269097248" address="0x7fdaea7c0000" size="0xe0000"/>
    <module path="269097248" address="0x7fdaea8d4000" size="0x1000"/>
    <module path="269097248" address="0x7fdaea8d8000" size="0x3000"/>
    <module path="269091009" address="0x7fdaea8de000" size="0x10000"/>
    <module path="269091009" address="0x7fdaea917000" size="0x10000"/>
    <module path="269091009" address="0x7fdaea92a000" size="0x1000"/>
    <module path="269091009" address="0x7fdaea92c000" size="0x5000"/>
    <module path="269090905" address="0x7fdaea934000" size="0x9000"/>
    <module path="269090905" address="0x7fdaea941000" size="0x1000"/>
    <module path="269090905" address="0x7fdaea943000" size="0x1000"/>
    <module path="269098524" address="0x7fdaea945000" size="0x2000"/>
    <module path="269098524" address="0x7fdaea96c000" size="0x1000"/>
    <module path="269098524" address="0x7fdaea96e000" size="0x1000"/>
    <module path="269093705" address="0x7fdaea971000" size="0x64000"/>
    <module path="269093705" address="0x7fdaea9fd000" size="0x1000"/>
    <module path="269093705" address="0x7fdaea9ff000" size="0x1000"/>
    <module path="4389" address="0x7fdaeaa05000" size="0x1ff000"/>
    <module path="4389" address="0x7fdaeac05000" size="0x1000"/>
    <module path="/usr/lib/x86_64-linux-gnu/libmd.so.0.0.5" address="0x7fdaeac19000" size="0x2000" version="0.0.5"/>
    <module path="/usr/lib/x86_64-linux-gnu/libmd.so.0.0.5" address="0x7fdaeac22000" size="0x2000" version="0.0.5"/>
    <module path="/usr/lib/x86_64-linux-gnu/libmd.so.0.0.5" address="0x7fdaeac25000" size="0x1000" version="0.0.5"/>
    <module path="5249" address="0x7fdaeac28000" size="0xa000"/>
    <module path="5249" address="0x7fdaeac68000" size="0x10000"/>
    <module path="5249" address="0x7fdaeac79000" size="0x5000"/>
    <module path="5249" address="0x7fdaeac7f000" size="0x2000"/>
    <module path="/usr/lib/x86_64-linux-gnu/libdatrie.so.1.4.0" address="0x7fdaeac83000" size="0x4000" version="1.4.0"/>
    <module path="/usr/lib/x86_64-linux-gnu/libdatrie.so.1.4.0" address="0x7fdaeac88000" size="0x1000" version="1.4.0"/>
    <module path="/usr/lib/x86_64-linux-gnu/libgraphite2.so.3.2.1" address="0x7fdaeac8a000" size="0x3000" version="3.2.1"/>
    <module path="/usr/lib/x86_64-linux-gnu/libgraphite2.so.3.2.1" address="0x7fdaeacaa000" size="0x4000" version="3.2.1"/>
    <module path="/usr/lib/x86_64-linux-gnu/libgraphite2.so.3.2.1" address="0x7fdaeacb0000" size="0x1000" version="3.2.1"/>
    <module path="4501" address="0x7fdaeacc0000" size="0x16000"/>
    <module path="4501" address="0x7fdaeace3000" size="0x1000"/>
    <module path="4501" address="0x7fdaeace7000" size="0x1000"/>
    <module path="4301" address="0x7fdaeacef000" size="0x3000"/>
    <module path="4301" address="0x7fdaeacfb000" size="0x7000"/>
    <module path="4301" address="0x7fdaead03000" size="0x1000"/>
    <module path="269097040" address="0x7fdaead05000" size="0x7000"/>
    <module path="269097040" address="0x7fdaead5f000" size="0x1d000"/>
    <module path="269097040" address="0x7fdaead7d000" size="0x3000"/>
    <module path="269097040" address="0x7fdaead83000" size="0x2000"/>
    <module path="269098564" address="0x7fdaead88000" size="0x5000"/>
    <module path="269098564" address="0x7fdaead8f000" size="0x1000"/>
    <module path="269098564" address="0x7fdaead91000" size="0x1000"/>
    <module path="269097564" address="0x7fdaeada2000" size="0x75000"/>
    <module path="269097564" address="0x7fdaeae3c000" size="0x3000"/>
    <module path="269097564" address="0x7fdaeae41000" size="0x6000"/>
    <module path="/usr/lib/x86_64-linux-gnu/libffi.so.8.1.0" address="0x7fdaeae49000" size="0x2000" version="8.1.0"/>
    <module path="/usr/lib/x86_64-linux-gnu/libffi.so.8.1.0" address="0x7fdaeae52000" size="0x1000" version="8.1.0"/>
    <module path="/usr/lib/x86_64-linux-gnu/libffi.so.8.1.0" address="0x7fdaeae54000" size="0x1000" version="8.1.0"/>
    <module path="269091053" address="0x7fdaeae56000" size="0x1000"/>
    <module path="269091053" address="0x7fdaeae58000" size="0x1abd000"/>
    <module path="269091053" address="0x7fdaec916000" size="0x1000"/>
    <module path="269095848" address="0x7fdaec918000" size="0x5000"/>
    <module path="269095848" address="0x7fdaec92a000" size="0x4000"/>
    <module path="269095848" address="0x7fdaec92f000" size="0x1000"/>
    <module path="269095848" address="0x7fdaec931000" size="0x2000"/>
    <module path="269090865" address="0x7fdaec93a000" size="0x1f000"/>
    <module path="269090865" address="0x7fdaec967000" size="0x2000"/>
    <module path="269090865" address="0x7fdaec96b000" size="0x3000"/>
    <module path="4333" address="0x7fdaec970000" size="0x1a000"/>
    <module path="4333" address="0x7fdaec9f5000" size="0x1d000"/>
    <module path="4333" address="0x7fdaeca13000" size="0x1000"/>
    <module path="4333" address="0x7fdaeca17000" size="0xd000"/>
    <module path="269092281" address="0x7fdaeca3f000" size="0x51000"/>
    <module path="269092281" address="0x7fdaecab0000" size="0x4000"/>
    <module path="269092281" address="0x7fdaecab7000" size="0x9000"/>
    <module path="269090937" address="0x7fdaecac3000" size="0x4000"/>
    <module path="269090937" address="0x7fdaecac9000" size="0x1000"/>
    <module path="269090937" address="0x7fdaecacb000" size="0x1000"/>
    <module path="269092249" address="0x7fdaecacd000" size="0x2000"/>
    <module path="269092249" address="0x7fdaecad1000" size="0x1000"/>
    <module path="269092249" address="0x7fdaecad3000" size="0x1000"/>
    <module path="/usr/lib/x86_64-linux-gnu/libbsd.so.0.11.5" address="0x7fdaecad5000" size="0x4000" version="0.11.5"/>
    <module path="/usr/lib/x86_64-linux-gnu/libbsd.so.0.11.5" address="0x7fdaecae6000" size="0x3000" version="0.11.5"/>
    <module path="/usr/lib/x86_64-linux-gnu/libbsd.so.0.11.5" address="0x7fdaecaea000" size="0x1000" version="0.11.5"/>
    <module path="269093233" address="0x7fdaecaef000" size="0xa000"/>
    <module path="269093233" address="0x7fdaecb4b000" size="0x21000"/>
    <module path="269093233" address="0x7fdaecb6e000" size="0x4000"/>
    <module path="7769" address="0x7fdaecb75000" size="0xe000"/>
    <module path="7769" address="0x7fdaecbd1000" size="0x20000"/>
    <module path="7769" address="0x7fdaecbf2000" size="0x1000"/>
    <module path="/usr/lib/x86_64-linux-gnu/libuuid.so.1.3.0" address="0x7fdaecbf9000" size="0x2000" version="1.3.0"/>
    <module path="/usr/lib/x86_64-linux-gnu/libuuid.so.1.3.0" address="0x7fdaecbff000" size="0x1000" version="1.3.0"/>
    <module path="/usr/lib/x86_64-linux-gnu/libuuid.so.1.3.0" address="0x7fdaecc01000" size="0x1000" version="1.3.0"/>
    <module path="/usr/lib/x86_64-linux-gnu/libICE.so.6.3.0" address="0x7fdaecc06000" size="0xf000" version="6.3.0"/>
    <module path="/usr/lib/x86_64-linux-gnu/libICE.so.6.3.0" address="0x7fdaecc1a000" size="0x1000" version="6.3.0"/>
    <module path="269096936" address="0x7fdaecc1f000" size="0x6000"/>
    <module path="269096936" address="0x7fdaecc3e000" size="0x7000"/>
    <module path="269096936" address="0x7fdaecc46000" size="0x1000"/>
    <module path="269096936" address="0x7fdaecc4a000" size="0x3000"/>
    <module path="269092745" address="0x7fdaecc4f000" size="0xb000"/>
    <module path="269092745" address="0x7fdaecc98000" size="0x13000"/>
    <module path="269092745" address="0x7fdaeccae000" size="0x1000"/>
    <module path="/usr/lib/x86_64-linux-gnu/libthai.so.0.3.1" address="0x7fdaeccb2000" size="0x2000" version="0.3.1"/>
    <module path="/usr/lib/x86_64-linux-gnu/libthai.so.0.3.1" address="0x7fdaeccb8000" size="0x3000" version="0.3.1"/>
    <module path="/usr/lib/x86_64-linux-gnu/libthai.so.0.3.1" address="0x7fdaeccbc000" size="0x1000" version="0.3.1"/>
    <module path="/usr/lib/x86_64-linux-gnu/librt.so.1" address="0x7fdaeccbe000" size="0x1000" version="1"/>
    <module path="/usr/lib/x86_64-linux-gnu/librt.so.1" address="0x7fdaeccc0000" size="0x1000" version="1"/>
    <module path="3793" address="0x7fdaeccc2000" size="0x1000"/>
    <module path="3793" address="0x7fdaeccc4000" size="0x1000"/>
    <module path="3793" address="0x7fdaeccc6000" size="0x1000"/>
    <module path="3729" address="0x7fdaeccc8000" size="0x1000"/>
    <module path="3729" address="0x7fdaeccca000" size="0x1000"/>
    <module path="3729" address="0x7fdaecccc000" size="0x1000"/>
    <module path="/usr/lib/x86_64-linux-gnu/libharfbuzz.so.0.20704.0" address="0x7fdaeccd0000" size="0x9000" version="0.20704.0"/>
    <module path="/usr/lib/x86_64-linux-gnu/libharfbuzz.so.0.20704.0" address="0x7fdaecd6a000" size="0x32000" version="0.20704.0"/>
    <module path="/usr/lib/x86_64-linux-gnu/libharfbuzz.so.0.20704.0" address="0x7fdaecd9d000" size="0x1000" version="0.20704.0"/>
    <module path="/usr/lib/x86_64-linux-gnu/libfribidi.so.0.4.0" address="0x7fdaecd9f000" size="0x2000" version="0.4.0"/>
    <module path="/usr/lib/x86_64-linux-gnu/libfribidi.so.0.4.0" address="0x7fdaecda4000" size="0x15000" version="0.4.0"/>
    <module path="/usr/lib/x86_64-linux-gnu/libfribidi.so.0.4.0" address="0x7fdaecdba000" size="0x1000" version="0.4.0"/>
    <module path="6481" address="0x7fdaece1b000" size="0x66000"/>
    <module path="6481" address="0x7fdaecede000" size="0x1000"/>
    <module path="6481" address="0x7fdaecee7000" size="0x7000"/>
    <module path="4461" address="0x7fdaecf0d000" size="0xc000"/>
    <module path="4461" address="0x7fdaecf32000" size="0xe000"/>
    <module path="4461" address="0x7fdaecf41000" size="0x1000"/>
    <module path="4461" address="0x7fdaecf44000" size="0x4000"/>
    <module path="4421" address="0x7fdaecf53000" size="0xf000"/>
    <module path="4421" address="0x7fdaecf6e000" size="0x3000"/>
    <module path="4421" address="0x7fdaecf72000" size="0x4000"/>
    <module path="269095764" address="0x7fdaecf87000" size="0x48000"/>
    <module path="269095764" address="0x7fdaecff4000" size="0x1000"/>
    <module path="269095764" address="0x7fdaecff7000" size="0x1000"/>
    <module path="4017" address="0x7fdaed000000" size="0x9000"/>
    <module path="4017" address="0x7fdaed208000" size="0x1000"/>
    <module path="4017" address="0x7fdaed20a000" size="0x1000"/>
    <module path="7293" address="0x7fdaed20c000" size="0x1000"/>
    <module path="7293" address="0x7fdaed20f000" size="0x1000"/>
    <module path="7293" address="0x7fdaed211000" size="0x1000"/>
    <module path="6437" address="0x7fdaed215000" size="0xb000"/>
    <module path="6437" address="0x7fdaed24e000" size="0x15000"/>
    <module path="6437" address="0x7fdaed264000" size="0x1000"/>
    <module path="6437" address="0x7fdaed266000" size="0x6000"/>
    <module path="7565" address="0x7fdaed275000" size="0x2b000"/>
    <module path="7565" address="0x7fdaed2ac000" size="0x1000"/>
    <module path="7565" address="0x7fdaed2ae000" size="0x5000"/>
    <module path="3889" address="0x7fdaed2b5000" size="0x3000"/>
    <module path="3889" address="0x7fdaed2b9000" size="0x1000"/>
    <module path="3889" address="0x7fdaed2bb000" size="0x1000"/>
    <module path="269092993" address="0x7fdaed2be000" size="0x3000"/>
    <module path="269092993" address="0x7fdaed2c6000" size="0x2000"/>
    <module path="269092993" address="0x7fdaed2c9000" size="0x1000"/>
    <module path="269092993" address="0x7fdaed2cb000" size="0x1000"/>
    <module path="269093025" address="0x7fdaed2ce000" size="0x5000"/>
    <module path="269093025" address="0x7fdaed2d6000" size="0x1000"/>
    <module path="269093025" address="0x7fdaed2d8000" size="0x1000"/>
    <module path="486081508" address="0x7fdaed2da000" size="0x5000"/>
    <module path="486081508" address="0x7fdaed2e4000" size="0x2000"/>
    <module path="486081508" address="0x7fdaed2e7000" size="0x1000"/>
    <module path="486081508" address="0x7fdaed2e9000" size="0x3000"/>
    <module path="486081540" address="0x7fdaed2ed000" size="0x1000"/>
    <module path="486081540" address="0x7fdaed2ef000" size="0x1000"/>
    <module path="486081540" address="0x7fdaed2f1000" size="0x1000"/>
    <module path="269095063" address="0x7fdaed2f4000" size="0xa000"/>
    <module path="269095063" address="0x7fdaed382000" size="0x10000"/>
    <module path="269095063" address="0x7fdaed39a000" size="0x1000"/>
    <module path="269093609" address="0x7fdaed39d000" size="0x2000"/>
    <module path="269093609" address="0x7fdaed3f0000" size="0x1e000"/>
    <module path="269093609" address="0x7fdaed40f000" size="0x1000"/>
    <module path="6557" address="0x7fdaed411000" size="0x2000"/>
    <module path="6557" address="0x7fdaed419000" size="0x1000"/>
    <module path="6557" address="0x7fdaed41b000" size="0x1000"/>
    <module path="6557" address="0x7fdaed41d000" size="0x1000"/>
    <module path="5473" address="0x7fdaed422000" size="0x2000"/>
    <module path="5473" address="0x7fdaed426000" size="0x1000"/>
    <module path="5473" address="0x7fdaed429000" size="0x1000"/>
    <module path="/usr/lib/x86_64-linux-gnu/libgpg-error.so.0.32.1" address="0x7fdaed42b000" size="0x4000" version="0.32.1"/>
    <module path="/usr/lib/x86_64-linux-gnu/libgpg-error.so.0.32.1" address="0x7fdaed445000" size="0xa000" version="0.32.1"/>
    <module path="/usr/lib/x86_64-linux-gnu/libgpg-error.so.0.32.1" address="0x7fdaed450000" size="0x1000" version="0.32.1"/>
    <module path="6589" address="0x7fdaed453000" size="0xc000"/>
    <module path="6589" address="0x7fdaed52d000" size="0x3d000"/>
    <module path="6589" address="0x7fdaed56c000" size="0x5000"/>
    <module path="269097620" address="0x7fdaed573000" size="0x3000"/>
    <module path="269097620" address="0x7fdaed582000" size="0x4000"/>
    <module path="269097620" address="0x7fdaed587000" size="0x1000"/>
    <module path="269097620" address="0x7fdaed589000" size="0x1000"/>
    <module path="/usr/lib/x86_64-linux-gnu/libp11-kit.so.0.3.0" address="0x7fdaed5b3000" size="0xa4000" version="0.3.0"/>
    <module path="/usr/lib/x86_64-linux-gnu/libp11-kit.so.0.3.0" address="0x7fdaed6b1000" size="0xa000" version="0.3.0"/>
    <module path="/usr/lib/x86_64-linux-gnu/libfreetype.so.6.18.1" address="0x7fdaed6c5000" size="0xd000" version="6.18.1"/>
    <module path="/usr/lib/x86_64-linux-gnu/libfreetype.so.6.18.1" address="0x7fdaed75b000" size="0x29000" version="6.18.1"/>
    <module path="/usr/lib/x86_64-linux-gnu/libfreetype.so.6.18.1" address="0x7fdaed785000" size="0x7000" version="6.18.1"/>
    <module path="269098172" address="0x7fdaed78d000" size="0x2000"/>
    <module path="269098172" address="0x7fdaed794000" size="0x1000"/>
    <module path="269098172" address="0x7fdaed796000" size="0x1000"/>
    <module path="269098172" address="0x7fdaed798000" size="0x1000"/>
    <module path="269092837" address="0x7fdaed79b000" size="0x5000"/>
    <module path="269092837" address="0x7fdaed7db000" size="0xe000"/>
    <module path="269092837" address="0x7fdaed7ea000" size="0x1000"/>
    <module path="269092837" address="0x7fdaed7fb000" size="0x1000"/>
    <module path="269091945" address="0x7fdaed861000" size="0xe5000"/>
    <module path="269091945" address="0x7fdaed9cc000" size="0x1000"/>
    <module path="269091945" address="0x7fdaed9df000" size="0x1000"/>
    <module path="269091945" address="0x7fdaed9e2000" size="0x2c000"/>
    <module path="5337" address="0x7fdaeda0f000" size="0x1000"/>
    <module path="5337" address="0x7fdaeda2f000" size="0x1000"/>
    <module path="5337" address="0x7fdaeda31000" size="0x1000"/>
    <module path="7681" address="0x7fdaeda3f000" size="0x29000"/>
    <module path="7681" address="0x7fdaeda73000" size="0x2000"/>
    <module path="7681" address="0x7fdaeda77000" size="0x4000"/>
    <module path="269096904" address="0x7fdaeda7e000" size="0x12000"/>
    <module path="269096904" address="0x7fdaeda96000" size="0x1000"/>
    <module path="269096904" address="0x7fdaeda98000" size="0x1000"/>
    <module path="/usr/lib/x86_64-linux-gnu/libresolv.so.2" address="0x7fdaeda9c000" size="0xa000" version="2"/>
    <module path="/usr/lib/x86_64-linux-gnu/libresolv.so.2" address="0x7fdaedaa9000" size="0x1000" version="2"/>
    <module path="269092397" address="0x7fdaedaad000" size="0x3000"/>
    <module path="269092397" address="0x7fdaedab7000" size="0x3000"/>
    <module path="269092397" address="0x7fdaedabb000" size="0x1000"/>
    <module path="/usr/lib/x86_64-linux-gnu/libcom_err.so.2.1" address="0x7fdaedabe000" size="0x2000" version="2.1"/>
    <module path="/usr/lib/x86_64-linux-gnu/libcom_err.so.2.1" address="0x7fdaedac1000" size="0x1000" version="2.1"/>
    <module path="/usr/lib/x86_64-linux-gnu/libcom_err.so.2.1" address="0x7fdaedac3000" size="0x1000" version="2.1"/>
    <module path="269092333" address="0x7fdaedae6000" size="0x61000"/>
    <module path="269092333" address="0x7fdaedb90000" size="0x1000"/>
    <module path="269092333" address="0x7fdaedb9f000" size="0x2000"/>
    <module path="/usr/lib/x86_64-linux-gnu/libgmp.so.10.4.1" address="0x7fdaedba8000" size="0xa000" version="10.4.1"/>
    <module path="/usr/lib/x86_64-linux-gnu/libgmp.so.10.4.1" address="0x7fdaedc11000" size="0x17000" version="10.4.1"/>
    <module path="/usr/lib/x86_64-linux-gnu/libgmp.so.10.4.1" address="0x7fdaedc29000" size="0x1000" version="10.4.1"/>
    <module path="269092881" address="0x7fdaedc33000" size="0x1e000"/>
    <module path="269092881" address="0x7fdaedc61000" size="0x2000"/>
    <module path="269092881" address="0x7fdaedc64000" size="0x4000"/>
    <module path="269097856" address="0x7fdaedc78000" size="0x36000"/>
    <module path="269097856" address="0x7fdaedde5000" size="0x1000"/>
    <module path="269097856" address="0x7fdaedde9000" size="0x1000"/>
    <module path="7821" address="0x7fdaeddf0000" size="0x2d000"/>
    <module path="7821" address="0x7fdaedecf000" size="0x5d000"/>
    <module path="7821" address="0x7fdaedf2d000" size="0x6000"/>
    <module path="7821" address="0x7fdaedf37000" size="0x11000"/>
    <module path="7897" address="0x7fdaedf5e000" size="0x65000"/>
    <module path="7897" address="0x7fdaedfeb000" size="0x1000"/>
    <module path="7897" address="0x7fdaedff7000" size="0x1000"/>
    <module path="7897" address="0x7fdaedff9000" size="0x7000"/>
    <module path="4081" address="0x7fdaee005000" size="0x1ff000"/>
    <module path="4081" address="0x7fdaee205000" size="0x1000"/>
    <module path="269092209" address="0x7fdaee209000" size="0x4000"/>
    <module path="269092209" address="0x7fdaee229000" size="0xd000"/>
    <module path="269092209" address="0x7fdaee237000" size="0x1000"/>
    <module path="269092209" address="0x7fdaee23a000" size="0x2000"/>
    <module path="269090969" address="0x7fdaee23e000" size="0x7000"/>
    <module path="269090969" address="0x7fdaee255000" size="0x1e000"/>
    <module path="269090969" address="0x7fdaee274000" size="0x1000"/>
    <module path="/usr/lib/x86_64-linux-gnu/libXdmcp.so.6.0.0" address="0x7fdaee278000" size="0x2000" version="6.0.0"/>
    <module path="/usr/lib/x86_64-linux-gnu/libXdmcp.so.6.0.0" address="0x7fdaee27c000" size="0x2000" version="6.0.0"/>
    <module path="/usr/lib/x86_64-linux-gnu/libXdmcp.so.6.0.0" address="0x7fdaee27f000" size="0x1000" version="6.0.0"/>
    <module path="/usr/lib/x86_64-linux-gnu/libXau.so.6.0.0" address="0x7fdaee281000" size="0x2000" version="6.0.0"/>
    <module path="/usr/lib/x86_64-linux-gnu/libXau.so.6.0.0" address="0x7fdaee284000" size="0x1000" version="6.0.0"/>
    <module path="269095119" address="0x7fdaee288000" size="0x5000"/>
    <module path="269095119" address="0x7fdaee2b2000" size="0xc000"/>
    <module path="269095119" address="0x7fdaee2bf000" size="0x1000"/>
    <module path="/usr/lib/x86_64-linux-gnu/libfontconfig.so.1.12.0" address="0x7fdaee2c3000" size="0x7000" version="1.12.0"/>
    <module path="/usr/lib/x86_64-linux-gnu/libfontconfig.so.1.12.0" address="0x7fdaee2f3000" size="0x16000" version="1.12.0"/>
    <module path="/usr/lib/x86_64-linux-gnu/libfontconfig.so.1.12.0" address="0x7fdaee30a000" size="0x2000" version="1.12.0"/>
    <module path="269093545" address="0x7fdaee30d000" size="0x7000"/>
    <module path="269093545" address="0x7fdaee31f000" size="0x4000"/>
    <module path="269093545" address="0x7fdaee324000" size="0x1000"/>
    <module path="269093545" address="0x7fdaee326000" size="0x3000"/>
    <module path="/usr/lib/x86_64-linux-gnu/libSM.so.6.0.1" address="0x7fdaee32b000" size="0x2000" version="6.0.1"/>
    <module path="/usr/lib/x86_64-linux-gnu/libSM.so.6.0.1" address="0x7fdaee332000" size="0x2000" version="6.0.1"/>
    <module path="/usr/lib/x86_64-linux-gnu/libSM.so.6.0.1" address="0x7fdaee335000" size="0x1000" version="6.0.1"/>
    <module path="6941" address="0x7fdaee36e000" size="0x113000"/>
    <module path="6941" address="0x7fdaee50b000" size="0x9000"/>
    <module path="6941" address="0x7fdaee517000" size="0x17000"/>
    <module path="6765" address="0x7fdaee534000" size="0x17000"/>
    <module path="6765" address="0x7fdaee554000" size="0x1000"/>
    <module path="6765" address="0x7fdaee556000" size="0x3000"/>
    <module path="269093329" address="0x7fdaee568000" size="0x25000"/>
    <module path="269093329" address="0x7fdaee5a4000" size="0x3000"/>
    <module path="269093329" address="0x7fdaee5a8000" size="0x6000"/>
    <module path="269093449" address="0x7fdaee5b3000" size="0x8000"/>
    <module path="269093449" address="0x7fdaee5be000" size="0x1000"/>
    <module path="269093449" address="0x7fdaee5c0000" size="0x2000"/>
    <module path="/usr/lib/x86_64-linux-gnu/libexpat.so.1.8.7" address="0x7fdaee5c6000" size="0x1f000" version="1.8.7"/>
    <module path="/usr/lib/x86_64-linux-gnu/libexpat.so.1.8.7" address="0x7fdaee5ef000" size="0x1000" version="1.8.7"/>
    <module path="/usr/lib/x86_64-linux-gnu/libexpat.so.1.8.7" address="0x7fdaee5f2000" size="0x1000" version="1.8.7"/>
    <module path="269093657" address="0x7fdaee5f5000" size="0x50000"/>
    <module path="269093657" address="0x7fdaee66c000" size="0x1000"/>
    <module path="269093657" address="0x7fdaee66e000" size="0x1000"/>
    <module path="6657" address="0x7fdaee699000" size="0x81000"/>
    <module path="6657" address="0x7fdaee769000" size="0x9000"/>
    <module path="6657" address="0x7fdaee774000" size="0xc000"/>
    <module path="7953" address="0x7fdaee805000" size="0x36f000"/>
    <module path="7953" address="0x7fdaeef18000" size="0x11000"/>
    <module path="7953" address="0x7fdaeef31000" size="0x36000"/>
    <module path="486081572" address="0x7fdaeef6b000" size="0x1c000"/>
    <module path="486081572" address="0x7fdaeefa6000" size="0x2000"/>
    <module path="486081572" address="0x7fdaeefa9000" size="0x2000"/>
    <module path="269098380" address="0x7fdaeefad000" size="0x3000"/>
    <module path="269098380" address="0x7fdaeefb1000" size="0x1000"/>
    <module path="269098380" address="0x7fdaeefb6000" size="0x1000"/>
    <module path="269098348" address="0x7fdaeefbc000" size="0x6000"/>
    <module path="269098348" address="0x7fdaeefc5000" size="0x2000"/>
    <module path="269098348" address="0x7fdaeefc8000" size="0x1000"/>
    <module path="269098412" address="0x7fdaeefca000" size="0x1000"/>
    <module path="269098412" address="0x7fdaeefcc000" size="0x1000"/>
    <module path="269098412" address="0x7fdaeefce000" size="0x1000"/>
    <module path="4049" address="0x7fdaeefd0000" size="0x1000"/>
    <module path="4049" address="0x7fdaeefd2000" size="0x1000"/>
    <module path="4049" address="0x7fdaeefd4000" size="0x1000"/>
    <module path="3985" address="0x7fdaeefd7000" size="0x7000"/>
    <module path="3985" address="0x7fdaeefe0000" size="0x1000"/>
    <module path="3985" address="0x7fdaeefe2000" size="0x1000"/>
    <module path="3953" address="0x7fdaeefe4000" size="0x1000"/>
    <module path="3953" address="0x7fdaeefe6000" size="0x1000"/>
    <module path="3953" address="0x7fdaeefe8000" size="0x1000"/>
    <module path="3857" address="0x7fdaeefed000" size="0xb000"/>
    <module path="3857" address="0x7fdaeeffc000" size="0x1000"/>
    <module path="3857" address="0x7fdaeeffe000" size="0x2000"/>
    <module path="3589" address="0x7fdaef009000" size="0x200000"/>
    <module path="3589" address="0x7fdaef20a000" size="0x1000"/>
    <module path="269095720" address="0x7fdaef20f000" size="0xc000"/>
    <module path="269095720" address="0x7fdaef24b000" size="0x16000"/>
    <module path="269095720" address="0x7fdaef263000" size="0x1000"/>
    <module path="/usr/lib/x86_64-linux-gnu/libasound.so.2.0.0" address="0x7fdaef28e000" size="0x97000" version="2.0.0"/>
    <module path="/usr/lib/x86_64-linux-gnu/libasound.so.2.0.0" address="0x7fdaef35f000" size="0x7000" version="2.0.0"/>
    <module path="269097176" address="0x7fdaef367000" size="0x4000"/>
    <module path="269097176" address="0x7fdaef393000" size="0x6000"/>
    <module path="269097176" address="0x7fdaef39a000" size="0x2000"/>
    <module path="269097176" address="0x7fdaef3d2000" size="0x1000"/>
    <module path="/usr/lib/x86_64-linux-gnu/libdrm.so.2.4.0" address="0x7fdaef3d8000" size="0xb000" version="2.4.0"/>
    <module path="/usr/lib/x86_64-linux-gnu/libdrm.so.2.4.0" address="0x7fdaef3e7000" size="0x1000" version="2.4.0"/>
    <module path="486081708" address="0x7fdaef3e9000" size="0x2000"/>
    <module path="486081708" address="0x7fdaef475000" size="0x13000"/>
    <module path="486081708" address="0x7fdaef489000" size="0xa000"/>
    <module path="486081708" address="0x7fdaef4fc000" size="0x1000"/>
    <module path="486080976" address="0x7fdaef53d000" size="0xe98000"/>
    <module path="486080976" address="0x7fdaf0455000" size="0x3000"/>
    <module path="486080976" address="0x7fdaf046b000" size="0x26000"/>
    <module path="486080884" address="0x7fdaf049d000" size="0x17b000"/>
    <module path="486080884" address="0x7fdaf0653000" size="0x2000"/>
    <module path="486080884" address="0x7fdaf074f000" size="0x5000"/>
    <module path="269098116" address="0x7fdaf0768000" size="0x3000"/>
    <module path="269098116" address="0x7fdaf07e2000" size="0x1c000"/>
    <module path="269098116" address="0x7fdaf07ff000" size="0x1000"/>
    <module path="269096976" address="0x7fdaf080a000" size="0x1ff000"/>
    <module path="269096976" address="0x7fdaf0a0a000" size="0x1000"/>
    <module path="/var/cache/fontconfig/1060c650-f902-47bb-aaf5-b7bce557465d-le64.cache-7" address="0x7fdaf0a0c000" size="0x1000"/>
    <module path="3761" address="0x7fdaf0a11000" size="0x3000"/>
    <module path="3761" address="0x7fdaf0a1a000" size="0x2000"/>
    <module path="3761" address="0x7fdaf0a1d000" size="0x1000"/>
    <module path="269098044" address="0x7fdaf0a21000" size="0x1000"/>
    <module path="269098044" address="0x7fdaf0a24000" size="0x1000"/>
    <module path="269098044" address="0x7fdaf0a26000" size="0x1000"/>
    <module path="269097972" address="0x7fdaf0a28000" size="0x2000"/>
    <module path="269097972" address="0x7fdaf0a2d000" size="0x1000"/>
    <module path="269097972" address="0x7fdaf0a2f000" size="0x1000"/>
    <module path="269097940" address="0x7fdaf0a31000" size="0x1000"/>
    <module path="269097940" address="0x7fdaf0a33000" size="0x1000"/>
    <module path="269097940" address="0x7fdaf0a35000" size="0x1000"/>
    <module path="269098004" address="0x7fdaf0a39000" size="0x3000"/>
    <module path="269098004" address="0x7fdaf0a51000" size="0xf000"/>
    <module path="269098004" address="0x7fdaf0a61000" size="0x1000"/>
    <module path="269098308" address="0x7fdaf0a63000" size="0x2000"/>
    <module path="269098308" address="0x7fdaf0a84000" size="0x9000"/>
    <module path="269098308" address="0x7fdaf0a8e000" size="0x1000"/>
    <module path="269098076" address="0x7fdaf0a92000" size="0x3000"/>
    <module path="269098076" address="0x7fdaf0aac000" size="0x11000"/>
    <module path="269098076" address="0x7fdaf0abe000" size="0x1000"/>
    <module path="269098076" address="0x7fdaf0ac0000" size="0x2000"/>
    <module path="269097776" address="0x7fdaf0ac4000" size="0xe000"/>
    <module path="269097776" address="0x7fdaf0ae1000" size="0x1000"/>
    <module path="269097776" address="0x7fdaf0ae3000" size="0x1000"/>
    <module path="269097776" address="0x7fdaf0ae8000" size="0x1000"/>
    <module path="269097652" address="0x7fdaf0aeb000" size="0x19000"/>
    <module path="269097652" address="0x7fdaf0b07000" size="0x1000"/>
    <module path="269097652" address="0x7fdaf0b09000" size="0x1000"/>
    <module path="269097684" address="0x7fdaf0b0c000" size="0x27000"/>
    <module path="269097684" address="0x7fdaf0b45000" size="0x1000"/>
    <module path="269097684" address="0x7fdaf0b47000" size="0x1000"/>
    <module path="269097216" address="0x7fdaf0b4b000" size="0x13000"/>
    <module path="269097216" address="0x7fdaf0b64000" size="0x1000"/>
    <module path="269097216" address="0x7fdaf0b66000" size="0x1000"/>
    <module path="269093189" address="0x7fdaf0b69000" size="0x3000"/>
    <module path="269093189" address="0x7fdaf0bb3000" size="0x13000"/>
    <module path="269093189" address="0x7fdaf0bc7000" size="0x1000"/>
    <module path="269093057" address="0x7fdaf0bc9000" size="0x3000"/>
    <module path="269093057" address="0x7fdaf0c0d000" size="0x10000"/>
    <module path="269093057" address="0x7fdaf0c1e000" size="0x1000"/>
    <module path="269092793" address="0x7fdaf0c20000" size="0x6000"/>
    <module path="269092793" address="0x7fdaf0c56000" size="0x12000"/>
    <module path="269092793" address="0x7fdaf0c69000" size="0x1000"/>
    <module path="269092793" address="0x7fdaf0c98000" size="0x2000"/>
    <module path="7649" address="0x7fdaf0c9b000" size="0xa000"/>
    <module path="7649" address="0x7fdaf0ca7000" size="0x1000"/>
    <module path="7649" address="0x7fdaf0ca9000" size="0x1000"/>
    <module path="5609" address="0x7fdaf0cb4000" size="0x3a000"/>
    <module path="5609" address="0x7fdaf0cff000" size="0x1000"/>
    <module path="5609" address="0x7fdaf0d01000" size="0xd86000"/>
    <module path="5609" address="0x7fdaf1a8e000" size="0x4000"/>
    <module path="4145" address="0x7fdaf1aa2000" size="0x2e0000"/>
    <module path="4145" address="0x7fdaf1e5b000" size="0x8000"/>
    <module path="4145" address="0x7fdaf1f30000" size="0x1000"/>
    <module path="269097008" address="0x7fdaf1f33000" size="0x3000"/>
    <module path="269097008" address="0x7fdaf1f3a000" size="0x2000"/>
    <module path="269097008" address="0x7fdaf1f3d000" size="0x1000"/>
    <module path="486081820" address="0x7fdaf1f40000" size="0x17000"/>
    <module path="486081820" address="0x7fdaf1f9f000" size="0x1b000"/>
    <module path="486081820" address="0x7fdaf1fc3000" size="0xc000"/>
    <module path="5505" address="0x7fdaf1fd3000" size="0x12000"/>
    <module path="5505" address="0x7fdaf20b4000" size="0x3c000"/>
    <module path="5505" address="0x7fdaf20f4000" size="0x1000"/>
    <module path="5505" address="0x7fdaf20f6000" size="0x6000"/>
    <module path="7133" address="0x7fdaf2118000" size="0x84000"/>
    <module path="7133" address="0x7fdaf2222000" size="0x1000"/>
    <module path="7133" address="0x7fdaf2225000" size="0xd000"/>
    <module path="7469" address="0x7fdaf2240000" size="0x36000"/>
    <module path="7469" address="0x7fdaf228e000" size="0x3000"/>
    <module path="7469" address="0x7fdaf2292000" size="0x5000"/>
    <module path="269096208" address="0x7fdaf2397000" size="0x4d8000"/>
    <module path="269096208" address="0x7fdaf2b06000" size="0x1000"/>
    <module path="269096208" address="0x7fdaf2bc0000" size="0x1000"/>
    <module path="269096208" address="0x7fdaf2bc2000" size="0xd000"/>
    <module path="269092705" address="0x7fdaf2bd1000" size="0x3000"/>
    <module path="269092705" address="0x7fdaf2bec000" size="0xb000"/>
    <module path="269092705" address="0x7fdaf2bf8000" size="0x1000"/>
    <module path="269092705" address="0x7fdaf2bfa000" size="0x2000"/>
    <module path="269098444" address="0x7fdaf2bfe000" size="0x51000"/>
    <module path="269098444" address="0x7fdaf2c62000" size="0x1000"/>
    <module path="269098444" address="0x7fdaf2c66000" size="0x1000"/>
    <module path="269098492" address="0x7fdaf2c69000" size="0x6000"/>
    <module path="269098492" address="0x7fdaf2c71000" size="0x1000"/>
    <module path="269098492" address="0x7fdaf2c73000" size="0x1000"/>
    <module path="269098204" address="0x7fdaf2c79000" size="0x1ec000"/>
    <module path="269098204" address="0x7fdaf2ea5000" size="0x3000"/>
    <module path="269098204" address="0x7fdaf2eac000" size="0x1000"/>
    <module path="269097320" address="0x7fdaf2eb9000" size="0x45000"/>
    <module path="269097320" address="0x7fdaf2f35000" size="0x2000"/>
    <module path="269097320" address="0x7fdaf2f39000" size="0x5000"/>
    <module path="7325" address="0x7fdaf2f40000" size="0x2f000"/>
    <module path="7325" address="0x7fdaf3091000" size="0x71000"/>
    <module path="7325" address="0x7fdaf3103000" size="0xf000"/>
    <module path="7325" address="0x7fdaf3116000" size="0xf000"/>
    <module path="5293" address="0x7fdaf312a000" size="0x36000"/>
    <module path="5293" address="0x7fdaf3173000" size="0x2000"/>
    <module path="5293" address="0x7fdaf3176000" size="0x1000"/>
    <module path="5577" address="0x7fdaf317a000" size="0xc000"/>
    <module path="5577" address="0x7fdaf318b000" size="0x1000"/>
    <module path="5577" address="0x7fdaf318d000" size="0x1000"/>
    <module path="269093101" address="0x7fdaf31a4000" size="0x143000"/>
    <module path="269093101" address="0x7fdaf3323000" size="0x5000"/>
    <module path="269093101" address="0x7fdaf337b000" size="0x8000"/>
    <module path="7249" address="0x7fdaf338a000" size="0x30000"/>
    <module path="7249" address="0x7fdaf33cc000" size="0x3000"/>
    <module path="7249" address="0x7fdaf33d0000" size="0x1000"/>
    <module path="5441" address="0x7fdaf33d3000" size="0xd000"/>
    <module path="5441" address="0x7fdaf33e2000" size="0x1000"/>
    <module path="5441" address="0x7fdaf33e4000" size="0x1000"/>
    <module path="486081616" address="0x7fdaf33e7000" size="0x2d000"/>
    <module path="486081616" address="0x7fdaf353e000" size="0x57000"/>
    <module path="486081616" address="0x7fdaf359e000" size="0x1000"/>
    <module path="486081616" address="0x7fdaf35a1000" size="0xd000"/>
    <module path="5377" address="0x7fdaf35af000" size="0x8000"/>
    <module path="5377" address="0x7fdaf35ba000" size="0x1000"/>
    <module path="5377" address="0x7fdaf35bc000" size="0x1000"/>
    <module path="269092429" address="0x7fdaf35c0000" size="0x8000"/>
    <module path="269092429" address="0x7fdaf35cb000" size="0x1000"/>
    <module path="269092429" address="0x7fdaf35cd000" size="0x1000"/>
    <module path="269092505" address="0x7fdaf35d0000" size="0xd000"/>
    <module path="269092505" address="0x7fdaf3611000" size="0xf000"/>
    <module path="269092505" address="0x7fdaf3621000" size="0x2000"/>
    <module path="269092505" address="0x7fdaf3626000" size="0x5000"/>
    <module path="7725" address="0x7fdaf3636000" size="0x32000"/>
    <module path="7725" address="0x7fdaf3674000" size="0x2000"/>
    <module path="7725" address="0x7fdaf3678000" size="0x3000"/>
    <module path="6173" address="0x7fdaf367d000" size="0x78000"/>
    <module path="6173" address="0x7fdaf3890000" size="0x91000"/>
    <module path="6173" address="0x7fdaf394d000" size="0x2000"/>
    <module path="6173" address="0x7fdaf3953000" size="0x1f000"/>
    <module path="269097420" address="0x7fdaf398e000" size="0x4f000"/>
    <module path="269097420" address="0x7fdaf39f7000" size="0x1000"/>
    <module path="269097420" address="0x7fdaf3a01000" size="0x4000"/>
    <module path="269095688" address="0x7fdaf3a0b000" size="0x2000"/>
    <module path="269095688" address="0x7fdaf3a0f000" size="0xd000"/>
    <module path="269095688" address="0x7fdaf3a1d000" size="0x1000"/>
    <module path="269097372" address="0x7fdaf3a1f000" size="0xd000"/>
    <module path="269097372" address="0x7fdaf3a6d000" size="0x1b000"/>
    <module path="269097372" address="0x7fdaf3a89000" size="0x2000"/>
    <module path="269097372" address="0x7fdaf3a8d000" size="0x5000"/>
    <module path="269096864" address="0x7fdaf3a97000" size="0x11000"/>
    <module path="269096864" address="0x7fdaf3aaf000" size="0x1000"/>
    <module path="269096864" address="0x7fdaf3ab1000" size="0x1000"/>
    <module path="269092045" address="0x7fdaf3ab4000" size="0x2000"/>
    <module path="269092045" address="0x7fdaf3abb000" size="0x17000"/>
    <module path="269092045" address="0x7fdaf3ad3000" size="0x1000"/>
    <module path="269092045" address="0x7fdaf3ad5000" size="0x1000"/>
    <module path="269092921" address="0x7fdaf3ad8000" size="0x5000"/>
    <module path="269092921" address="0x7fdaf3af0000" size="0xd000"/>
    <module path="269092921" address="0x7fdaf3b00000" size="0x1000"/>
    <module path="/usr/lib/x86_64-linux-gnu/libxcb.so.1.1.0" address="0x7fdaf3b03000" size="0xb000" version="1.1.0"/>
    <module path="/usr/lib/x86_64-linux-gnu/libxcb.so.1.1.0" address="0x7fdaf3b22000" size="0x9000" version="1.1.0"/>
    <module path="/usr/lib/x86_64-linux-gnu/libxcb.so.1.1.0" address="0x7fdaf3b2c000" size="0x1000" version="1.1.0"/>
    <module path="4113" address="0x7fdaf3b2e000" size="0x3000"/>
    <module path="4113" address="0x7fdaf3b32000" size="0x1000"/>
    <module path="4113" address="0x7fdaf3b34000" size="0x1000"/>
    <module path="/usr/lib/x86_64-linux-gnu/libGLX.so.0.0.0" address="0x7fdaf3b38000" size="0x1b000" version="0.0.0"/>
    <module path="/usr/lib/x86_64-linux-gnu/libGLX.so.0.0.0" address="0x7fdaf3b56000" size="0x1000" version="0.0.0"/>
    <module path="/usr/lib/x86_64-linux-gnu/libGLX.so.0.0.0" address="0x7fdaf3b58000" size="0x1000" version="0.0.0"/>
    <module path="/usr/lib/x86_64-linux-gnu/libGLdispatch.so.0.0.0" address="0x7fdaf3b69000" size="0x40000" version="0.0.0"/>
    <module path="/usr/lib/x86_64-linux-gnu/libGLdispatch.so.0.0.0" address="0x7fdaf3be8000" size="0x13000" version="0.0.0"/>
    <module path="/usr/lib/x86_64-linux-gnu/libGLdispatch.so.0.0.0" address="0x7fdaf3bfc000" size="0x1c000" version="0.0.0"/>
    <module path="/usr/lib/x86_64-linux-gnu/libc.so.6" address="0x7fdaf3c21000" size="0x28000" version="6"/>
    <module path="/usr/lib/x86_64-linux-gnu/libc.so.6" address="0x7fdaf3dde000" size="0x58000" version="6"/>
    <module path="/usr/lib/x86_64-linux-gnu/libc.so.6" address="0x7fdaf3e3a000" size="0x2000" version="6"/>
    <module path="/usr/lib/x86_64-linux-gnu/libgcc_s.so.1" address="0x7fdaf3e49000" size="0x3000" version="1"/>
    <module path="/usr/lib/x86_64-linux-gnu/libgcc_s.so.1" address="0x7fdaf3e63000" size="0x4000" version="1"/>
    <module path="/usr/lib/x86_64-linux-gnu/libgcc_s.so.1" address="0x7fdaf3e68000" size="0x1000" version="1"/>
    <module path="/usr/lib/x86_64-linux-gnu/libm.so.6" address="0x7fdaf3e77000" size="0x7c000" version="6"/>
    <module path="/usr/lib/x86_64-linux-gnu/libm.so.6" address="0x7fdaf3f4e000" size="0x1000" version="6"/>
    <module path="/usr/lib/x86_64-linux-gnu/libstdc++.so.6.0.30" address="0x7fdaf3f50000" size="0x9a000" version="6.0.30"/>
    <module path="/usr/lib/x86_64-linux-gnu/libstdc++.so.6.0.30" address="0x7fdaf40fa000" size="0x6f000" version="6.0.30"/>
    <module path="/usr/lib/x86_64-linux-gnu/libstdc++.so.6.0.30" address="0x7fdaf4174000" size="0x3000" version="6.0.30"/>
    <module path="486081764" address="0x7fdaf417a000" size="0x4000"/>
    <module path="486081764" address="0x7fdaf4210000" size="0x11000"/>
    <module path="486081764" address="0x7fdaf4222000" size="0x1000"/>
    <module path="/usr/lib/x86_64-linux-gnu/libz.so.1.2.11" address="0x7fdaf4225000" size="0x2000" version="1.2.11"/>
    <module path="/usr/lib/x86_64-linux-gnu/libz.so.1.2.11" address="0x7fdaf4238000" size="0x6000" version="1.2.11"/>
    <module path="/usr/lib/x86_64-linux-gnu/libz.so.1.2.11" address="0x7fdaf423f000" size="0x1000" version="1.2.11"/>
    <module path="269092625" address="0x7fdaf4241000" size="0x7000"/>
    <module path="269092625" address="0x7fdaf426c000" size="0xd000"/>
    <module path="269092625" address="0x7fdaf427b000" size="0x1000"/>
    <module path="269098596" address="0x7fdaf427e000" size="0x487000"/>
    <module path="269098596" address="0x7fdaf53ac000" size="0x2dc000"/>
    <module path="269098596" address="0x7fdaf5689000" size="0xeb000"/>
    <module path="269098596" address="0x7fdaf57ad000" size="0x120000"/>
    <module path="486080844" address="0x7fdaf58da000" size="0x9000"/>
    <module path="486080844" address="0x7fdaf58e6000" size="0x1000"/>
    <module path="486080844" address="0x7fdaf58e9000" size="0x1000"/>
    <module path="3621" address="0x7fdaf58ef000" size="0x21000"/>
    <module path="3621" address="0x7fdaf59e6000" size="0x4c000"/>
    <module path="3621" address="0x7fdaf5a33000" size="0x5000"/>
    <module path="3621" address="0x7fdaf5a44000" size="0x7000"/>
    <module path="269092549" address="0x7fdaf5a61000" size="0x21000"/>
    <module path="269092549" address="0x7fdaf5a8c000" size="0x2000"/>
    <module path="269092549" address="0x7fdaf5a8f000" size="0xc000"/>
    <module path="269097512" address="0x7fdaf5a9d000" size="0x78000"/>
    <module path="269097512" address="0x7fdaf5b25000" size="0x2000"/>
    <module path="269097512" address="0x7fdaf5b30000" size="0x1000"/>
    <module path="269097472" address="0x7fdaf5b34000" size="0x16000"/>
    <module path="269097472" address="0x7fdaf5b4f000" size="0x1000"/>
    <module path="269097472" address="0x7fdaf5b52000" size="0x1000"/>
    <module path="5197" address="0x7fdaf5b54000" size="0x10000"/>
    <module path="5197" address="0x7fdaf5bc8000" size="0x19000"/>
    <module path="5197" address="0x7fdaf5bed000" size="0x1000"/>
    <module path="5197" address="0x7fdaf5c7d000" size="0x5000"/>
    <module path="4605" address="0x7fdaf5cf7000" size="0x9d3000"/>
    <module path="4605" address="0x7fdaf69f0000" size="0x45000"/>
    <module path="4605" address="0x7fdaf723f000" size="0x5000"/>
    <module path="5085" address="0x7fdaf727d000" size="0x19b000"/>
    <module path="5085" address="0x7fdaf7485000" size="0x1000"/>
    <module path="5085" address="0x7fdaf74a4000" size="0x18000"/>
    <module path="/usr/lib/x86_64-linux-gnu/libX11.so.6.4.0" address="0x7fdaf74c0000" size="0x19000" version="6.4.0"/>
    <module path="/usr/lib/x86_64-linux-gnu/libX11.so.6.4.0" address="0x7fdaf7565000" size="0x95000" version="6.4.0"/>
    <module path="/usr/lib/x86_64-linux-gnu/libX11.so.6.4.0" address="0x7fdaf75fb000" size="0x1000" version="6.4.0"/>
    <module path="7205" address="0x7fdaf7600000" size="0x40000"/>
    <module path="7205" address="0x7fdaf7840000" size="0x4000"/>
    <module path="7205" address="0x7fdaf7849000" size="0x3000"/>
    <module path="3921" address="0x7fdaf784e000" size="0xb000"/>
    <module path="3921" address="0x7fdaf785c000" size="0x1000"/>
    <module path="3921" address="0x7fdaf785e000" size="0x1000"/>
    <module path="/usr/lib/x86_64-linux-gnu/libpthread.so.0" address="0x7fdaf7863000" size="0x1000" version="0"/>
    <module path="/usr/lib/x86_64-linux-gnu/libpthread.so.0" address="0x7fdaf7865000" size="0x1000" version="0"/>
    <module path="/usr/lib/x86_64-linux-gnu/libpthread.so.0" address="0x7fdaf7867000" size="0x1000" version="0"/>
    <module path="6353" address="0x7fdaf786c000" size="0xd000"/>
    <module path="6353" address="0x7fdaf78dd000" size="0x1b000"/>
    <module path="6353" address="0x7fdaf78fc000" size="0x1000"/>
    <module path="/usr/lib/x86_64-linux-gnu/libdl.so.2" address="0x7fdaf7900000" size="0x1000" version="2"/>
    <module path="/usr/lib/x86_64-linux-gnu/libdl.so.2" address="0x7fdaf7902000" size="0x1000" version="2"/>
    <module path="/usr/lib/x86_64-linux-gnu/libdl.so.2" address="0x7fdaf7904000" size="0x1000" version="2"/>
    <module path="/usr/lib/x86_64-linux-gnu/libGL.so.1.7.0" address="0x7fdaf7948000" size="0x1f000" version="1.7.0"/>
    <module path="/usr/lib/x86_64-linux-gnu/libGL.so.1.7.0" address="0x7fdaf797c000" size="0xe000" version="1.7.0"/>
    <module path="/var/cache/fontconfig/2182fa25-b587-441d-8789-acf5a00e625e-le64.cache-7" address="0x7fdaf798c000" size="0x1000"/>
    <module path="/usr/lib/x86_64-linux-gnu/gconv/gconv-modules.cache" address="0x7fdaf7990000" size="0x7000"/>
    <module path="/usr/lib/x86_64-linux-gnu/ld-linux-x86-64.so.2" address="0x7fdaf799d000" size="0x2000" version="2"/>
    <module path="/usr/lib/x86_64-linux-gnu/ld-linux-x86-64.so.2" address="0x7fdaf79c9000" size="0xb000" version="2"/>
    <module path="/usr/lib/x86_64-linux-gnu/ld-linux-x86-64.so.2" address="0x7fdaf79d5000" size="0x2000" version="2"/>
    <module path="[stack]" address="0x7ffc1b9cb000" size="0x25000"/>
    <module path="[vdso]" address="0x7ffc1b9f9000" size="0x2000"/>
  </modules>
  <stack>
    <frame level="0" function="xlCrashHandler::HandleCrash(bool, std::__cxx11::basic_string&lt;char, std::char_traits&lt;char&gt;, std::allocator&lt;char&gt; &gt; const&amp;)" offset="0x8b4" address="0x55723eb32fd4" module="/tmp/.mount_xLightFQU3Ky/AppRun.wrapped"/>
    <frame level="1" function="xlGLBaseApp::OnFatalException()" offset="0x52" address="0x55723e0b7e82" module="/tmp/.mount_xLightFQU3Ky/AppRun.wrapped"/>
    <frame level="2" offset="0x6fee26" address="0x7fdaf497ce26" module="/tmp/.mount_xLightFQU3Ky/usr/bin/../lib/libwx_gtk3u-3.3.so.0"/>
    <frame level="3" offset="0x42520" address="0x7fdaf3c63520" module="/lib/x86_64-linux-gnu/libc.so.6"/>
    <frame level="4" function="ControllerEthernet::SetProtocol(std::__cxx11::basic_string&lt;char, std::char_traits&lt;char&gt;, std::allocator&lt;char&gt; &gt; const&amp;)" offset="0x851" address="0x55723dd91471" module="/tmp/.mount_xLightFQU3Ky/AppRun.wrapped"/>
    <frame level="5" function="ControllerEthernet::HandlePropertyEvent(wxPropertyGridEvent&amp;, OutputModelManager*)" offset="0xb62" address="0x55723dd9fab2" module="/tmp/.mount_xLightFQU3Ky/AppRun.wrapped"/>
    <frame level="6" function="xLightsFrame::OnControllerPropertyGridChange(wxPropertyGridEvent&amp;)" offset="0x3e5" address="0x55723e9c87d5" module="/tmp/.mount_xLightFQU3Ky/AppRun.wrapped"/>
    <frame level="7" function="wxEvtHandler::ProcessEventIfMatchesId(wxEventTableEntryBase const&amp;, wxEvtHandler*, wxEvent&amp;)" offset="0x71" address="0x7fdaf49b6eb1" module="/tmp/.mount_xLightFQU3Ky/usr/bin/../lib/libwx_gtk3u-3.3.so.0"/>
    <frame level="8" function="wxEvtHandler::SearchDynamicEventTable(wxEvent&amp;)" offset="0x7d" address="0x7fdaf49b7d6d" module="/tmp/.mount_xLightFQU3Ky/usr/bin/../lib/libwx_gtk3u-3.3.so.0"/>
    <frame level="9" function="wxEvtHandler::TryHereOnly(wxEvent&amp;)" offset="0x24" address="0x7fdaf49b81b4" module="/tmp/.mount_xLightFQU3Ky/usr/bin/../lib/libwx_gtk3u-3.3.so.0"/>
    <frame level="10" function="wxEvtHandler::ProcessEventLocally(wxEvent&amp;)" offset="0x3b" address="0x7fdaf49b824b" module="/tmp/.mount_xLightFQU3Ky/usr/bin/../lib/libwx_gtk3u-3.3.so.0"/>
    <frame level="11" function="wxEvtHandler::ProcessEvent(wxEvent&amp;)" offset="0xc1" address="0x7fdaf49b8331" module="/tmp/.mount_xLightFQU3Ky/usr/bin/../lib/libwx_gtk3u-3.3.so.0"/>
    <frame level="12" function="wxScrollHelperEvtHandler::ProcessEvent(wxEvent&amp;)" offset="0x22" address="0x7fdaf4ce36a2" module="/tmp/.mount_xLightFQU3Ky/usr/bin/../lib/libwx_gtk3u-3.3.so.0"/>
    <frame level="13" function="wxEvtHandler::SafelyProcessEvent(wxEvent&amp;)" offset="0xb" address="0x7fdaf49ba53b" module="/tmp/.mount_xLightFQU3Ky/usr/bin/../lib/libwx_gtk3u-3.3.so.0"/>
    <frame level="14" function="wxPropertyGrid::SendEvent(int, wxPGProperty*, wxVariant*, unsigned int, unsigned int)" offset="0x142" address="0x7fdaf4fa5412" module="/tmp/.mount_xLightFQU3Ky/usr/bin/../lib/libwx_gtk3u-3.3.so.0"/>
    <frame level="15" function="wxPropertyGrid::DoPropertyChanged(wxPGProperty*, unsigned int)" offset="0x2ab" address="0x7fdaf4faa72b" module="/tmp/.mount_xLightFQU3Ky/usr/bin/../lib/libwx_gtk3u-3.3.so.0"/>
    <frame level="16" function="wxPropertyGrid::HandleCustomEditorEvent(wxEvent&amp;)" offset="0x274" address="0x7fdaf4fa4834" module="/tmp/.mount_xLightFQU3Ky/usr/bin/../lib/libwx_gtk3u-3.3.so.0"/>
    <frame level="17" offset="0xd32a9e" address="0x7fdaf4fb0a9e" module="/tmp/.mount_xLightFQU3Ky/usr/bin/../lib/libwx_gtk3u-3.3.so.0"/>
    <frame level="18" function="wxEvtHandler::ProcessPendingEvents()" offset="0x141" address="0x7fdaf49b89e1" module="/tmp/.mount_xLightFQU3Ky/usr/bin/../lib/libwx_gtk3u-3.3.so.0"/>
    <frame level="19" function="wxAppConsoleBase::ProcessPendingEvents()" offset="0xc7" address="0x7fdaf48278f7" module="/tmp/.mount_xLightFQU3Ky/usr/bin/../lib/libwx_gtk3u-3.3.so.0"/>
    <frame level="20" function="wxApp::DoIdle()" offset="0x9d" address="0x7fdaf4a15e5d" module="/tmp/.mount_xLightFQU3Ky/usr/bin/../lib/libwx_gtk3u-3.3.so.0"/>
    <frame level="21" offset="0x797f67" address="0x7fdaf4a15f67" module="/tmp/.mount_xLightFQU3Ky/usr/bin/../lib/libwx_gtk3u-3.3.so.0"/>
    <frame level="22" function="g_main_context_dispatch" offset="0x14e" address="0x7fdaf214e04e" module="/tmp/.mount_xLightFQU3Ky/usr/bin/../lib/libglib-2.0.so.0"/>
    <frame level="23" offset="0x52400" address="0x7fdaf214e400" module="/tmp/.mount_xLightFQU3Ky/usr/bin/../lib/libglib-2.0.so.0"/>
    <frame level="24" function="g_main_loop_run" offset="0x83" address="0x7fdaf214e6f3" module="/tmp/.mount_xLightFQU3Ky/usr/bin/../lib/libglib-2.0.so.0"/>
    <frame level="25" function="gtk_main" offset="0x7d" address="0x7fdaee9ce12d" module="/tmp/.mount_xLightFQU3Ky/usr/bin/../lib/libgtk-3.so.0"/>
    <frame level="26" function="wxGUIEventLoop::DoRun()" offset="0x25" address="0x7fdaf4a34cf5" module="/tmp/.mount_xLightFQU3Ky/usr/bin/../lib/libwx_gtk3u-3.3.so.0"/>
    <frame level="27" function="wxEventLoopBase::Run()" offset="0x31" address="0x7fdaf4863241" module="/tmp/.mount_xLightFQU3Ky/usr/bin/../lib/libwx_gtk3u-3.3.so.0"/>
    <frame level="28" function="wxAppConsoleBase::MainLoop()" offset="0x5a" address="0x7fdaf4828dfa" module="/tmp/.mount_xLightFQU3Ky/usr/bin/../lib/libwx_gtk3u-3.3.so.0"/>
    <frame level="29" function="wxEntry(int&amp;, wchar_t**)" offset="0x4a" address="0x7fdaf48b75ca" module="/tmp/.mount_xLightFQU3Ky/usr/bin/../lib/libwx_gtk3u-3.3.so.0"/>
    <frame level="30" function="main" offset="0x189" address="0x55723db67e29" module="/tmp/.mount_xLightFQU3Ky/AppRun.wrapped"/>
    <frame level="31" offset="0x29d90" address="0x7fdaf3c4ad90" module="/lib/x86_64-linux-gnu/libc.so.6"/>
    <frame level="32" function="__libc_start_main" offset="0x80" address="0x7fdaf3c4ae40" module="/lib/x86_64-linux-gnu/libc.so.6"/>
    <frame level="33" function="_start" offset="0x2e" address="0x55723db915fe" module="/tmp/.mount_xLightFQU3Ky/AppRun.wrapped"/>
  </stack>
</report>
